miRBaseName,count,mean,std,min,25%,50%,75%,max
hsa-let-7a-3p,21.0,36.935722972964314,86.54597584199543,0.0,0.0,0.0,11.4278913242667,342.768703361101
hsa-let-7a-5p,21.0,85309.92397845455,68096.0289174899,0.0,50815.8652472168,74254.4613217386,95597.3445318948,318909.519878354
hsa-let-7b-3p,21.0,151.7263172863547,148.40016524489886,0.0,43.9905631167153,115.742867256292,212.920877054073,510.815994961503
hsa-let-7b-5p,21.0,169856.8835008874,119789.76815341895,60591.2352022052,117512.385401879,138272.715051692,163643.151001818,628510.749886879
hsa-let-7c-5p,21.0,25439.78943370847,24776.383276102562,747.300838589277,11490.6166997532,23248.223645341,30241.1673049505,89856.7279976243
hsa-let-7d-3p,21.0,554.9933588163533,571.7803767397755,0.0,42.0837438556848,389.153495073041,732.939172936136,1904.85734514554
hsa-let-7d-5p,21.0,2775.2138830354643,1633.2059323532644,75.3944588237638,1806.35066819561,2368.95854982605,3505.11350466435,6214.3964472161
hsa-let-7e-5p,21.0,4306.5688924599635,4948.662153221873,375.161265845836,945.002153169029,2813.52664854702,4601.7999007866,20109.858009518
hsa-let-7f-1-3p,21.0,12.318472500876917,23.512885824098497,0.0,0.0,0.0,17.2793480993882,81.685217288771
hsa-let-7f-2-3p,21.0,1.0987568602702986,2.7514710636350754,0.0,0.0,0.0,0.779328589920089,11.9734000609957
hsa-let-7f-5p,21.0,55165.99769973421,48338.11085812642,562.741898768755,23506.1725696074,40002.2625772357,79063.8362282728,161222.623500959
hsa-let-7g-3p,21.0,0.15928332658618619,0.7299279010255701,0.0,0.0,0.0,0.0,3.34494985830991
hsa-let-7g-5p,21.0,6095.261035260995,2774.3961378964814,1316.53606948841,4689.51582307296,5454.0501583851,7823.61117425555,12237.8484674591
hsa-let-7i-3p,21.0,0.3322157317929976,1.522403737996559,0.0,0.0,0.0,0.0,6.97653036765295
hsa-let-7i-5p,21.0,11422.356498286783,9688.009677486772,1358.91213861913,3559.70802703439,6001.25678718088,21113.5617392619,28769.0470852238
hsa-miR-1,21.0,504.21595448948017,1154.269806902947,0.0,0.0,168.075648101077,543.004876846103,5353.7879648653
hsa-miR-100-5p,21.0,1622.708040501886,3706.8542192539794,0.0,149.995402904538,336.151296202154,1158.41040393835,16218.5646986773
hsa-miR-101-3p,21.0,5427.416955873275,6906.14705690894,0.0,116.690347578536,1675.30545976433,9601.82536401243,20862.738658554
hsa-miR-101-5p,21.0,0.9122590522663381,4.18049616041917,0.0,0.0,0.0,0.0,19.1574400975931
hsa-miR-106a-5p,21.0,6.822256533577706,19.34060732870327,0.0,0.0,0.0,0.745444738184433,67.7187945266256
hsa-miR-106b-3p,21.0,1098.890137947899,1015.3366117758721,0.0,244.410100174862,750.322531691673,1955.56383071416,3198.14616848763
hsa-miR-106b-5p,21.0,203.1113412743442,296.76646352654313,0.0,0.0,24.4931842546314,342.299958162469,947.704822872617
hsa-miR-107,21.0,1186.9219732140555,996.2295846156497,0.0,389.507580920933,1092.04243384962,1419.01269199507,3450.01618768544
hsa-miR-10a-3p,21.0,1.9116820357292141,5.569649347924704,0.0,0.0,0.0,0.0,23.5989738501877
hsa-miR-10a-5p,21.0,6590.342772859006,10153.807325552802,0.0,120.762047585878,428.714696605646,8266.4909309233,36056.4959301766
hsa-miR-10b-5p,21.0,31432.39503347701,42885.87687571933,10.6543360832576,1201.84956896137,3633.96664149472,64849.7316692336,142886.65645118
hsa-miR-1179,21.0,0.5220532928175666,2.3923487311374454,0.0,0.0,0.0,0.0,10.9631191491689
hsa-miR-1180-3p,21.0,101.00880794603464,151.76869060671126,0.0,0.0,50.9015588703492,131.028232033276,611.025250437155
hsa-miR-1181,21.0,0.5056553350524572,2.317203848436142,0.0,0.0,0.0,0.0,10.6187620361016
hsa-miR-1199-5p,21.0,2.99161689243631,13.709310859897952,0.0,0.0,0.0,0.0,62.8239547411625
hsa-miR-1208,21.0,0.3521585007832086,1.6137929864612186,0.0,0.0,0.0,0.0,7.39532851644738
hsa-miR-1224-5p,21.0,8.26541104566157,25.373248114579333,0.0,0.0,0.0,0.0,110.808425112844
hsa-miR-1225-3p,21.0,2.96454958361888,12.872509112229851,0.0,0.0,0.0,0.0,59.0626345730643
hsa-miR-1227-5p,21.0,0.04746174236514824,0.2174970270027842,0.0,0.0,0.0,0.0,0.996696589668113
hsa-miR-1228-3p,21.0,0.16724749291549523,0.7664242960768474,0.0,0.0,0.0,0.0,3.5121973512254
hsa-miR-1228-5p,21.0,6.752633302155194,16.000797281464706,0.0,0.0,0.0,0.0,58.3451737892678
hsa-miR-1229-3p,21.0,2.9220119722166857,9.230956543724048,0.0,0.0,0.0,0.0,31.3328380949138
hsa-miR-1229-5p,21.0,0.15226554373845713,0.697768379915089,0.0,0.0,0.0,0.0,3.1975764185076
hsa-miR-1236-5p,21.0,0.4561295261331686,2.0902480802095833,0.0,0.0,0.0,0.0,9.57872004879654
hsa-miR-1237-3p,21.0,0.15551228098178665,0.7126467990942789,0.0,0.0,0.0,0.0,3.26575790061752
hsa-miR-124-3p,21.0,1.1966467569745238,5.48372434395918,0.0,0.0,0.0,0.0,25.129581896465
hsa-miR-1244,21.0,14.402379711518428,65.99999521552945,0.0,0.0,0.0,0.0,302.449973941887
hsa-miR-1246,21.0,490.79300608266084,919.9592923709789,0.0,0.0,9.52952455970454,714.881756589914,3244.60839826871
hsa-miR-1247-5p,21.0,10.466144354767456,35.59366719767146,0.0,0.0,0.0,0.0,158.983032343698
hsa-miR-1248,21.0,843.2590028768919,1807.940082132413,0.0,19.2287935075603,152.843478677933,850.244557426944,8180.79277569967
hsa-miR-1249,21.0,22.269358692444477,44.99440240534036,0.0,0.0,0.0,27.9061214706118,177.187903719193
hsa-miR-1254,21.0,2.5978106880662954,11.193721949176433,0.0,0.0,0.0,0.0,51.3564480308846
hsa-miR-1255a,21.0,3.357089795883619,15.384118104400535,0.0,0.0,0.0,0.0,70.498885713556
hsa-miR-1256,21.0,0.1661078658964986,0.7612018689982784,0.0,0.0,0.0,0.0,3.48826518382647
hsa-miR-125a-5p,21.0,4159.851804902167,7216.786828195622,193.170854317397,920.392722096918,2344.68804756508,3920.74535697175,34223.0125912529
hsa-miR-125b-1-3p,21.0,106.72647397812146,247.5400521826198,0.0,0.0,0.0,20.2625433379223,842.66166217395
hsa-miR-125b-2-3p,21.0,285.9281711600494,443.0230366146471,0.0,0.0,90.6948947794883,305.409353222095,1507.88917647528
hsa-miR-125b-5p,21.0,522.9352906018283,682.5651197540134,0.0,20.9295911029588,261.575039887591,666.806309686764,2616.3285478788
hsa-miR-126-3p,21.0,1449.846817661757,1875.5241491961149,0.0,0.0,152.704676611048,2328.02869272997,5818.44966774348
hsa-miR-126-5p,21.0,2549.8369296697224,3779.166520357275,0.0,0.0,186.639049191281,5140.49693785382,12682.7628034866
hsa-miR-1260b,21.0,10.340586372329637,20.827418370034408,0.0,0.0,0.0,8.07808779412447,70.9371623823539
hsa-miR-1262,21.0,1.1947475963784027,4.246399130781606,0.0,0.0,0.0,0.0,18.7038861580821
hsa-miR-1268b,21.0,1.0209398261915381,4.678534033517782,0.0,0.0,0.0,0.0,21.4397363500223
hsa-miR-1269b,21.0,7.234273576255095,33.15160626120787,0.0,0.0,0.0,0.0,151.919745101357
hsa-miR-127-3p,21.0,2979.8489176942203,8711.616890166499,0.0,0.0,188.381494292999,401.932378363859,38638.0306038549
hsa-miR-127-5p,21.0,4.269880190290545,17.823189798227112,0.0,0.0,0.0,0.0,81.685217288771
hsa-miR-1270,21.0,9.142306773240005,25.728745174057075,0.0,0.0,0.0,0.0,109.259051723761
hsa-miR-1271-5p,21.0,0.3038037629356457,1.3922037400650162,0.0,0.0,0.0,0.0,6.37987902164856
hsa-miR-1273h-3p,21.0,16.505052073008248,36.5290919112641,0.0,0.0,0.0,3.27570580083189,118.125269146129
hsa-miR-1275,21.0,1.9558571413558876,4.441470692478662,0.0,0.0,0.0,0.0,14.5006441498968
hsa-miR-1276,21.0,9.918679544175523,45.45309980519442,0.0,0.0,0.0,0.0,208.292270427686
hsa-miR-1277-5p,21.0,2.4773972423811053,6.263212365066712,0.0,0.0,0.0,0.0,27.5500506624132
hsa-miR-1278,21.0,0.3322157317929976,1.522403737996559,0.0,0.0,0.0,0.0,6.97653036765295
hsa-miR-128-1-5p,21.0,1.2366570694217713,5.6670746293275265,0.0,0.0,0.0,0.0,25.9697984578572
hsa-miR-128-3p,21.0,353.2865115603879,340.71339164123157,0.0,0.0,247.500563925222,641.81242155463,1098.14137323126
hsa-miR-1282,21.0,34.11895013506042,108.2199437406559,0.0,0.0,0.0,0.0,389.813388182224
hsa-miR-1284,21.0,0.7799299525790238,3.5740880444566954,0.0,0.0,0.0,0.0,16.3785290041595
hsa-miR-1287-5p,21.0,4.363454066409546,13.260055107469684,0.0,0.0,0.0,0.0,47.1979477003754
hsa-miR-129-5p,21.0,6.55424061233,30.035303728955938,0.0,0.0,0.0,0.0,137.63905285893
hsa-miR-1290,21.0,3.765629973982494,14.431367981939974,0.0,0.0,0.0,0.0,66.1304786749078
hsa-miR-1291,21.0,62987.58111614764,93879.78495590576,0.0,290.356774424653,24420.6425091383,88895.895958745,317831.031260469
hsa-miR-1292-3p,21.0,22.79129079518778,74.47531536601444,0.0,0.0,0.0,0.0,331.735618824561
hsa-miR-1292-5p,21.0,0.7308746099445953,3.349288223592432,0.0,0.0,0.0,0.0,15.3483668088365
hsa-miR-1293,21.0,1.944886125923119,8.912587890112109,0.0,0.0,0.0,0.0,40.8426086443855
hsa-miR-1294,21.0,7.900615779443864,24.5716819333215,0.0,0.0,0.0,0.0,98.2711740249568
hsa-miR-1295b-3p,21.0,0.5321511138220286,2.438622760244507,0.0,0.0,0.0,0.0,11.1751733902626
hsa-miR-1296-5p,21.0,74.63139182549409,241.95787366833505,0.0,0.0,0.0,0.0,1099.84545078688
hsa-miR-1297,21.0,0.5450227983694531,1.3142900592430151,0.0,0.0,0.0,0.0,4.51422553201073
hsa-miR-1299,21.0,13.549649132977859,50.47385365164317,0.0,0.0,0.0,0.0,228.450744513318
hsa-miR-1301-3p,21.0,12.340072109663314,31.743369830559384,0.0,0.0,0.0,0.0,108.281496717285
hsa-miR-1304-5p,21.0,0.3040863507554457,1.3934987201397218,0.0,0.0,0.0,0.0,6.38581336586436
hsa-miR-1306-3p,21.0,53.047969487316635,227.89585290893208,0.0,0.0,0.0,0.0,1045.53209519247
hsa-miR-1306-5p,21.0,4.7799882476458855,18.30733258715529,0.0,0.0,0.0,0.0,82.9384272814312
hsa-miR-1307-3p,21.0,454.12489837721574,661.9720121380133,0.0,18.1001625615368,189.356609479715,531.563711157579,2412.62268236044
hsa-miR-1307-5p,21.0,130.75141564539211,317.123923731775,0.0,0.0,0.0,85.3293377901019,1408.26772005516
hsa-miR-130a-3p,21.0,423.6300376464557,547.5826243081281,0.0,29.0138885560991,271.206349292191,637.172293955068,2412.62268236044
hsa-miR-130b-3p,21.0,137.01713783269793,163.6799309219838,0.0,0.0,114.225372256659,188.353083547834,603.15567059011
hsa-miR-130b-5p,21.0,101.59755373460109,117.58267421033587,0.0,0.0,71.9911490795426,194.361269410788,410.851584247077
hsa-miR-132-3p,21.0,99.41720049608246,130.13602675537197,0.0,0.0,18.7038861580821,217.201950738441,381.032176963865
hsa-miR-132-5p,21.0,2.3339913312032285,8.53375231246652,0.0,0.0,0.0,0.0,38.1032176963865
hsa-miR-1323,21.0,1.1133265570286999,5.1019032207885875,0.0,0.0,0.0,0.0,23.3798576976027
hsa-miR-133a-3p,21.0,154.2043475731841,314.36123684634487,0.0,0.0,0.0,114.225372256659,1299.37796060741
hsa-miR-133b,21.0,1.0845449099680429,3.4455072067200683,0.0,0.0,0.0,0.0,12.5647909482325
hsa-miR-134-5p,21.0,202.97776668124052,457.2523705300486,0.0,0.0,19.1854585110456,140.357338476268,1997.92361838017
hsa-miR-1343-5p,21.0,0.05481559574584477,0.25119661676943295,0.0,0.0,0.0,0.0,1.15112751066274
hsa-miR-135a-3p,21.0,2.496688776363405,7.905805973400742,0.0,0.0,0.0,0.0,28.0126080168462
hsa-miR-135a-5p,21.0,10.405623973691524,47.68455951268858,0.0,0.0,0.0,0.0,218.518103447522
hsa-miR-135b-3p,21.0,1.4102136389030189,6.462410746332206,0.0,0.0,0.0,0.0,29.6144864169634
hsa-miR-135b-5p,21.0,0.7099473696994619,3.253387561082582,0.0,0.0,0.0,0.0,14.9088947636887
hsa-miR-136-3p,21.0,41.85160138371641,87.11531569191521,0.0,0.0,0.0,31.3943866544383,325.373830104077
hsa-miR-136-5p,21.0,13.369626499236327,36.70199303592749,0.0,0.0,0.0,0.0,147.337756733547
hsa-miR-137,21.0,47.45501046286187,113.65668290016693,0.0,0.0,0.0,0.0,453.425064653608
hsa-miR-138-1-3p,21.0,0.24326908060435665,1.114798976111778,0.0,0.0,0.0,0.0,5.10865069269149
hsa-miR-138-5p,21.0,38.29928679823216,154.8648581701283,0.0,0.0,0.0,0.0,710.688003067698
hsa-miR-139-3p,21.0,16.781918363463564,40.95597039316353,0.0,0.0,0.0,0.0,173.059141568043
hsa-miR-139-5p,21.0,16.23796957620567,50.77972014970746,0.0,0.0,0.0,0.0,225.34009853366
hsa-miR-140-3p,21.0,4305.667755093562,3677.3523228556587,0.0,214.723581965602,3873.7435086153,7284.97233576152,10415.4424813831
hsa-miR-140-5p,21.0,28.35924925673792,62.647796172416584,0.0,0.0,0.0,0.0,224.100864134769
hsa-miR-141-3p,21.0,1665.9317035100778,1941.798478313832,0.0,172.156683669947,839.875721360762,2539.69328664176,6106.74854767246
hsa-miR-142-3p,21.0,252.2926771132672,273.78886190811176,0.0,0.0,169.484081818359,482.304033681352,703.203174920725
hsa-miR-142-5p,21.0,8026.660468134746,7421.110154383954,0.0,768.686255454945,4784.80465208435,15426.9863340656,23549.2210863762
hsa-miR-143-3p,21.0,12911.568978646914,10452.033122425384,0.0,2427.26818619661,12649.6123116161,23141.3027270082,29198.1808701784
hsa-miR-143-5p,21.0,3.5096847866056047,16.08339620005512,0.0,0.0,0.0,0.0,73.7033805187177
hsa-miR-144-3p,21.0,2821.2042433556894,4530.923816602394,0.0,0.0,209.567697330126,3881.37174045261,18689.9650337139
hsa-miR-144-5p,21.0,661.1052034389079,860.6959137153873,0.0,0.0,0.0,1541.50034455328,2338.2888006744
hsa-miR-145-3p,21.0,38.312115424311045,120.16136363414411,0.0,0.0,0.0,3.48826518382647,530.953912377011
hsa-miR-145-5p,21.0,75.13785371473364,164.41677811827572,0.0,0.0,0.0,74.2673395328777,655.554310342565
hsa-miR-1468-5p,21.0,81.67036128399744,171.8576064199689,0.0,0.0,0.0,68.6338358269539,709.317392540695
hsa-miR-1469,21.0,1.944886125923119,8.912587890112109,0.0,0.0,0.0,0.0,40.8426086443855
hsa-miR-146a-3p,21.0,3.7034977103912454,15.44804563027156,0.0,0.0,0.0,0.0,70.7969215505632
hsa-miR-146a-5p,21.0,12697.439593198249,16413.192909623427,0.0,1959.71001650844,5428.401035311,18535.5025127741,63229.5172692696
hsa-miR-146b-3p,21.0,14.307037208566271,28.006937483836985,0.0,0.0,0.0,14.3680800731948,89.0777280231111
hsa-miR-146b-5p,21.0,20914.408902087278,16403.074181043434,4226.33877349639,9898.60905708192,15983.6252706379,28494.6450707596,70380.0063458765
hsa-miR-1471,21.0,0.8147003339162096,3.7334259488768295,0.0,0.0,0.0,0.0,17.1087070122404
hsa-miR-148a-3p,21.0,5028.299820427073,6088.662144176738,1323.82489699208,2332.14960880804,4217.29914106889,5546.49638733554,30459.3613648006
hsa-miR-148a-5p,21.0,307.8155794811994,363.36092257944756,0.0,25.4507794351746,233.798576976027,476.290221204831,1507.88917647528
hsa-miR-148b-3p,21.0,613.7520696252589,833.2292825852461,0.0,0.0,152.704676611048,823.230583383048,2634.45030405458
hsa-miR-148b-5p,21.0,58.882892370969316,111.30301865879414,0.0,0.0,0.0,81.685217288771,409.04888006992
hsa-miR-149-3p,21.0,26.780282329377368,89.22571299506869,0.0,0.0,0.0,0.0,394.065218078164
hsa-miR-149-5p,21.0,296.3660815299275,469.47893402307466,0.0,0.0,37.2722369092217,539.698016063572,1833.05503230266
hsa-miR-150-3p,21.0,2.5030142586374473,8.385064654655567,0.0,0.0,0.0,0.0,35.121973512254
hsa-miR-150-5p,21.0,911.5900650428742,1153.7454690450215,0.0,0.0,177.187903719193,2147.50662036708,3234.75947832149
hsa-miR-151a-3p,21.0,1206.1251163085556,1206.777797385526,0.0,343.886454313945,655.876494401838,1842.99007654328,3675.44580076951
hsa-miR-151a-5p,21.0,503.10671358124836,648.3822026440741,0.0,56.7915963967754,274.661103067113,591.751052673369,2280.47256610013
hsa-miR-151b,21.0,26.082296125048487,40.59935398623875,0.0,0.0,0.0,40.5026346344296,153.830348060483
hsa-miR-152-3p,21.0,421.06002684026265,623.2809998929297,0.0,82.4091150324015,202.837759407912,443.423320798436,2650.87374581473
hsa-miR-152-5p,21.0,1.7006007907478535,6.5693099125517715,0.0,0.0,0.0,0.0,29.8177895273773
hsa-miR-1537-3p,21.0,17.864822183135047,81.86689993114258,0.0,0.0,0.0,0.0,375.161265845836
hsa-miR-1538,21.0,18.016624089919574,70.41844800368992,0.0,0.0,0.0,0.0,323.818809638143
hsa-miR-1539,21.0,0.9687140413603286,4.439205421300289,0.0,0.0,0.0,0.0,20.3429948685669
hsa-miR-155-3p,21.0,0.4478013841797309,2.052083739309617,0.0,0.0,0.0,0.0,9.40382906777435
hsa-miR-155-5p,21.0,595.0811653454651,1515.9752890036843,0.0,24.3442238075583,181.123713415379,537.019381996157,7073.79249399315
hsa-miR-15a-3p,21.0,0.3045049412422171,1.3954169427305405,0.0,0.0,0.0,0.0,6.39460376608656
hsa-miR-15a-5p,21.0,724.4829200491471,1150.6092428049992,0.0,0.0,142.887066361449,977.640400699448,4177.41718579504
hsa-miR-15b-3p,21.0,118.13662254540938,458.140080726896,0.0,0.0,0.0,35.121973512254,2111.04484706539
hsa-miR-15b-5p,21.0,433.2492022632067,427.7939925770014,0.0,95.2580442409663,371.053332511504,639.460376608657,1509.34916627729
hsa-miR-16-2-3p,21.0,676.7200518487729,967.3450804031237,0.0,0.0,25.4507794351746,1465.87834587227,2832.67544088051
hsa-miR-16-5p,21.0,17950.459233544774,22745.82224837629,0.0,3069.51034397466,10002.0946453014,19797.2181141638,88280.8103765793
hsa-miR-17-3p,21.0,166.8039164151552,735.0286934697882,0.0,0.0,0.0,0.0,3373.83931285511
hsa-miR-17-5p,21.0,266.1526357756942,236.79443514473115,0.0,0.0,282.473469697264,395.577080948286,902.917260355008
hsa-miR-181a-2-3p,21.0,924.168233275824,1329.498930140232,0.0,316.752844826894,531.563711157579,772.31260469892,5962.02762896895
hsa-miR-181a-3p,21.0,86.81284947789803,123.24557155680529,0.0,0.0,55.8122429412236,114.225372256659,449.268695088241
hsa-miR-181a-5p,21.0,18174.37176900446,12633.860386546961,0.0,11859.1576774385,15877.9855617857,26220.4930506413,53190.117872484
hsa-miR-181b-3p,21.0,1.8627375175403476,6.199121012740821,0.0,0.0,0.0,0.0,25.7376884351077
hsa-miR-181b-5p,21.0,2205.8644469946935,2560.487479941163,0.0,964.608067362702,1477.46759159793,2187.74321086448,10014.2765873983
hsa-miR-181c-3p,21.0,65.64754019498056,82.22152214174281,0.0,0.0,39.3316230836461,95.2580442409663,271.826342636758
hsa-miR-181c-5p,21.0,590.3124048860013,462.5995449035935,0.0,168.334975422739,624.455608373019,893.183063030798,1688.22569630626
hsa-miR-181d-5p,21.0,187.65133601240055,326.38426744750814,0.0,36.5163357113375,109.947047516621,182.232780287066,1516.71220166887
hsa-miR-182-3p,21.0,0.5892870569648143,2.7004525445990155,0.0,0.0,0.0,0.0,12.3750281962611
hsa-miR-182-5p,21.0,11612.308556994647,14305.26248830522,1547.54022161408,3851.73360231635,6037.5678661335,13318.9139394769,67501.276535273
hsa-miR-183-5p,21.0,3517.6019209390256,10184.11892937355,0.0,118.125269146129,376.706167095668,976.63769582648,46547.2257823854
hsa-miR-184,21.0,118.01121650133415,331.2624730149026,0.0,0.0,0.0,0.0,1335.34372762396
hsa-miR-185-3p,21.0,12.322855731853727,34.768149871649875,0.0,0.0,0.0,0.0,118.125269146129
hsa-miR-185-5p,21.0,863.7038448137567,995.3900618896779,0.0,0.0,430.391709174867,1710.87070122403,3365.38618391962
hsa-miR-186-5p,21.0,2355.5775719390344,1958.3664840386255,0.0,772.31260469892,2095.67697330126,3849.30063035251,6820.10344270424
hsa-miR-187-3p,21.0,5.034725953892591,18.863357019265454,0.0,0.0,0.0,0.0,84.9543865168811
hsa-miR-188-5p,21.0,2.096181552281005,9.605910633697738,0.0,0.0,0.0,0.0,44.0198125979011
hsa-miR-18a-3p,21.0,17.66687344884936,45.88684258356002,0.0,0.0,0.0,0.0,182.232780287066
hsa-miR-18a-5p,21.0,37.96301388894307,88.63833891588156,0.0,0.0,0.0,24.4326772259158,390.668430511514
hsa-miR-18b-3p,21.0,1.7238250058606475,7.899558574214112,0.0,0.0,0.0,0.0,36.2003251230736
hsa-miR-18b-5p,21.0,1.073392325666724,3.184048353474084,0.0,0.0,0.0,0.0,12.2163386129579
hsa-miR-1908-3p,21.0,1.6341389482608095,7.488565426480682,0.0,0.0,0.0,0.0,34.316917913477
hsa-miR-1908-5p,21.0,4.802177246241753,15.799751626223916,0.0,0.0,0.0,0.0,69.4330879447365
hsa-miR-190a-5p,21.0,22.98081300051278,54.02449555807003,0.0,0.0,0.0,0.0,221.726991378826
hsa-miR-190b,21.0,3.4028015365850193,12.55871846185181,0.0,0.0,0.0,0.0,57.1507632608066
hsa-miR-191-3p,21.0,15.910697039401752,65.5855122905203,0.0,0.0,0.0,0.0,301.577835295055
hsa-miR-191-5p,21.0,13589.797132366068,12279.788041228616,2226.75624140084,6774.06120687317,10426.3130206151,18548.9028611405,58283.3091559158
hsa-miR-1910-5p,21.0,7.777473648406517,28.13065589420229,0.0,0.0,0.0,0.0,128.024338186833
hsa-miR-1911-3p,21.0,3.9492335574352473,18.09766171400675,0.0,0.0,0.0,0.0,82.9339047061402
hsa-miR-1913,21.0,0.2934654173193405,1.344827488717682,0.0,0.0,0.0,0.0,6.16277376370615
hsa-miR-192-3p,21.0,26.79723327470262,122.80034989671411,0.0,0.0,0.0,0.0,562.741898768755
hsa-miR-192-5p,21.0,5878.47883294044,5910.668690630689,0.0,1408.63400313284,2554.66957218831,8728.64893314296,17567.7041056637
hsa-miR-193a-5p,21.0,85.00174474135402,186.21818545750762,0.0,0.0,0.0,55.0642723171047,750.322531691673
hsa-miR-193b-3p,21.0,317.95334732393377,551.7686313746958,0.0,0.0,0.0,330.86013265727,1833.07575131147
hsa-miR-193b-5p,21.0,49.83636085592492,143.7833376327066,0.0,0.0,0.0,9.57872004879654,562.741898768755
hsa-miR-194-3p,21.0,2.636676939611387,10.740538011123245,0.0,0.0,0.0,0.0,49.1355870124784
hsa-miR-194-5p,21.0,55.97717635085103,198.07755531592474,0.0,0.0,0.0,2.13924747756456,904.733505885166
hsa-miR-195-3p,21.0,8.353070438245512,20.549162608555445,0.0,0.0,0.0,0.0,70.1786692381342
hsa-miR-195-5p,21.0,31.07099078621815,55.1612318052265,0.0,0.0,0.0,35.0071042735607,159.97632787824
hsa-miR-196a-5p,21.0,262.5727084007879,502.9009936028484,0.0,0.0,0.0,70.243947024508,1522.31575397604
hsa-miR-196b-5p,21.0,34.825000415870555,53.75010344263991,0.0,0.0,0.0,48.3183725750455,142.979908602294
hsa-miR-197-3p,21.0,1209.5387274506138,1233.5382551645753,0.0,308.711468768642,810.231435523111,1417.50322975354,4825.24536472088
hsa-miR-197-5p,21.0,2.690223520926324,12.328152920995496,0.0,0.0,0.0,0.0,56.4946939394528
hsa-miR-1976,21.0,13.211265660838572,56.64734031212497,0.0,0.0,0.0,0.0,259.875592121483
hsa-miR-198,21.0,3.5156330103014426,16.110654385391825,0.0,0.0,0.0,0.0,73.8282932163303
hsa-miR-199a-3p,21.0,937.2576925640179,1110.549038159922,0.0,0.0,336.151296202154,1918.51096845272,3211.50196713559
hsa-miR-199a-5p,21.0,32.78905642573434,62.73822086395535,0.0,0.0,0.0,11.6891787040152,207.758387662857
hsa-miR-199b-3p,21.0,450.6469172501926,529.7623152163242,0.0,0.0,168.075648101077,896.484152243404,1511.57444179388
hsa-miR-199b-5p,21.0,14.544411735726717,42.7814462920925,0.0,0.0,0.0,0.0,179.424953230617
hsa-miR-19a-3p,21.0,216.94255146245783,271.05808248781915,0.0,0.0,109.259051723761,454.32615237625,744.467555791904
hsa-miR-19b-3p,21.0,639.3432259301115,708.3056270637633,0.0,0.0,364.465560574132,1323.81240951011,1907.43496817556
hsa-miR-200a-3p,21.0,906.3622158502733,1130.445890289959,0.0,111.624485882447,381.032176963865,1358.44059518048,3751.61265845836
hsa-miR-200a-5p,21.0,89.61065278001584,205.797870860994,0.0,0.0,0.0,100.247616783378,904.733505885166
hsa-miR-200b-3p,21.0,2128.1865818899887,3049.618057161855,0.0,86.5295707840216,1476.56586432661,2745.67083745586,13129.3142798816
hsa-miR-200b-5p,21.0,109.66833741680607,330.6119611627667,0.0,0.0,0.0,28.0558292371232,1507.88917647528
hsa-miR-200c-3p,21.0,3238.0497669376978,3145.0094324939214,0.0,18.3245079194369,3387.03060343659,6116.57751538715,9056.59796579426
hsa-miR-202-5p,21.0,0.15204317537772286,0.6967493600698609,0.0,0.0,0.0,0.0,3.19290668293218
hsa-miR-203b-3p,21.0,0.9939263175792429,4.554742585515598,0.0,0.0,0.0,0.0,20.8724526691641
hsa-miR-204-3p,21.0,1.2696533958590526,5.818282792881839,0.0,0.0,0.0,0.0,26.6627213130401
hsa-miR-204-5p,21.0,1320.3965195121598,3218.865330605438,0.0,45.2010582153652,131.028232033276,1374.34208949943,14834.9226494011
hsa-miR-205-3p,21.0,5.863800701370462,19.481286254733376,0.0,0.0,0.0,0.0,80.684962020752
hsa-miR-205-5p,21.0,27258.023845403786,26687.680249048055,7.86632461672924,163.785290041595,27321.1513194193,47415.5594339232,83098.2203848528
hsa-miR-206,21.0,34.776617944946715,82.93923855951624,0.0,0.0,0.0,27.1502438423052,342.676116769977
hsa-miR-20a-3p,21.0,0.8803962519580237,4.034482466153057,0.0,0.0,0.0,0.0,18.4883212911185
hsa-miR-20a-5p,21.0,442.3321134971373,488.29368107030604,0.0,156.267372204606,307.123232131987,617.271273833641,1876.38966663606
hsa-miR-20b-3p,21.0,19.139965404502927,56.51139277341539,0.0,0.0,0.0,0.0,236.250538292257
hsa-miR-20b-5p,21.0,9.632463178461814,21.45203751874105,0.0,0.0,0.0,0.0,69.252795887619
hsa-miR-21-3p,21.0,118.80272555529687,184.98619047712046,0.0,0.0,0.0,153.483668088365,557.649916094001
hsa-miR-21-5p,21.0,15072.246755699263,9378.458766993059,665.889338063509,4633.87562819352,16054.4614473466,22125.1862111585,29763.8818328088
hsa-miR-210-3p,21.0,531.8354386546806,850.7453908951,0.0,0.0,80.2300992280089,750.322531691673,2444.10100174862
hsa-miR-210-5p,21.0,700.5593804711059,2677.98946266452,0.0,0.0,6.38581336586436,152.704676611048,12357.0016751827
hsa-miR-211-5p,21.0,90.40026325923782,178.0604812097855,0.0,0.0,0.0,106.460438527036,772.31260469892
hsa-miR-2110,21.0,81.82297750935174,169.06184305827588,0.0,0.0,0.0,100.247616783378,752.306325421949
hsa-miR-2115-3p,21.0,8.932411091567523,40.93344996557129,0.0,0.0,0.0,0.0,187.580632922918
hsa-miR-2116-3p,21.0,5.892870569648143,27.004525445990154,0.0,0.0,0.0,0.0,123.750281962611
hsa-miR-2117,21.0,0.9687140413603286,4.439205421300289,0.0,0.0,0.0,0.0,20.3429948685669
hsa-miR-212-3p,21.0,0.675540373848281,3.095714898158515,0.0,0.0,0.0,0.0,14.1863478508139
hsa-miR-212-5p,21.0,5.771066323968237,26.446348270194992,0.0,0.0,0.0,0.0,121.192392803333
hsa-miR-215-5p,21.0,42.505805719291786,80.25188265963773,0.0,0.0,1.63287895030876,19.7032609039082,293.91216349924
hsa-miR-216a-5p,21.0,7.142446498633777,25.7987168919279,0.0,0.0,0.0,0.0,114.581511071745
hsa-miR-218-5p,21.0,0.6371333063447429,2.919711604102272,0.0,0.0,0.0,0.0,13.3797994332396
hsa-miR-219a-1-3p,21.0,2.078209573120238,9.523552678805354,0.0,0.0,0.0,0.0,43.642401035525
hsa-miR-219a-5p,21.0,2.7469705010800523,12.588200253010115,0.0,0.0,0.0,0.0,57.6863805226811
hsa-miR-22-3p,21.0,16693.88837330021,12111.42777037344,1420.56392120215,10223.170816971,17835.0339367231,22705.1154196302,55606.5075383222
hsa-miR-22-5p,21.0,3.097122269629562,11.408513488757237,0.0,0.0,0.0,0.0,51.0865069269149
hsa-miR-221-3p,21.0,5371.763224911076,6848.477660307765,0.0,1208.29360949135,2498.07108698219,4930.21901096492,23818.4732757798
hsa-miR-221-5p,21.0,47.42573558503367,86.86182010793725,0.0,0.0,0.0,80.2300992280089,299.008976900434
hsa-miR-222-3p,21.0,2701.352335706383,1475.7495174779933,420.085251282728,1618.17879079774,2512.9581896465,3521.58500783209,6318.77369189639
hsa-miR-222-5p,21.0,16.39587463523305,75.13533660096192,0.0,0.0,0.0,0.0,344.313367339894
hsa-miR-223-3p,21.0,3570.411314988224,4475.053295657374,0.0,50.9015588703492,1972.16267084672,4501.93519015003,14849.2983933657
hsa-miR-223-5p,21.0,128.31994756694843,295.82872553301263,0.0,0.0,0.0,69.7653036765294,1256.47909482325
hsa-miR-224-5p,21.0,70.54901947055075,117.5174300057078,0.0,0.0,0.0,119.664675697452,393.026088028972
hsa-miR-2277-5p,21.0,5.8324265504410855,23.59102584518199,0.0,0.0,0.0,0.0,107.846801929157
hsa-miR-2355-5p,21.0,5.030835725474429,23.054185520874647,0.0,0.0,0.0,0.0,105.647550234963
hsa-miR-23a-3p,21.0,807.1781841245504,504.6820025042365,128.362484310926,436.076336023442,809.089395398868,985.163045195409,1689.38685816423
hsa-miR-23a-5p,21.0,1.944886125923119,8.912587890112109,0.0,0.0,0.0,0.0,40.8426086443855
hsa-miR-23b-3p,21.0,746.4969918992705,1138.2893831165109,0.0,77.9477771505909,358.994027092357,591.641030065373,4046.07045413827
hsa-miR-23b-5p,21.0,10.249246367112933,29.329021614532344,0.0,0.0,0.0,0.0,112.845948813292
hsa-miR-23c,21.0,0.7526124199151419,2.1577348883039145,0.0,0.0,0.0,0.0,7.86632461672924
hsa-miR-24-2-5p,21.0,12.723643460652346,41.85086348935386,0.0,0.0,0.0,0.0,187.580632922918
hsa-miR-24-3p,21.0,2534.901865207098,1538.4611354066676,0.0,1544.62520939784,2596.40631038438,3498.22441321206,5438.12472889069
hsa-miR-2467-5p,21.0,0.4362978076056396,1.9993677288961236,0.0,0.0,0.0,0.0,9.16225395971843
hsa-miR-25-3p,21.0,10468.516099769224,8738.872102947285,0.0,1927.70181319901,7841.02371767143,18752.3864769479,30120.1915832579
hsa-miR-25-5p,21.0,23.188460998904482,51.705852236318094,0.0,0.0,0.0,1.63287895030876,171.149979081235
hsa-miR-26a-1-3p,21.0,0.6644314635859953,3.044807475993118,0.0,0.0,0.0,0.0,13.9530607353059
hsa-miR-26a-5p,21.0,29182.199643864806,22402.27656165909,0.0,15717.5772997594,23244.6904625752,37455.8478517976,71825.0722369995
hsa-miR-26b-3p,21.0,32.522042492051355,57.30681125823054,0.0,0.0,0.0,33.4158722611261,212.390764651689
hsa-miR-26b-5p,21.0,6974.839560337396,4699.699729490922,604.585240273536,3236.35758159547,6560.87797230562,8748.94076502073,17155.2613170356
hsa-miR-27a-3p,21.0,1341.9390445421386,1909.9811061191888,256.048676373665,523.919243325315,850.78318849295,1467.3270865967,9304.52804708698
hsa-miR-27a-5p,21.0,73.36683892762338,172.43857847907498,0.0,0.0,0.0,0.0,571.126861283295
hsa-miR-27b-3p,21.0,11087.505028598933,5076.4109128133405,2427.26818619661,6650.43764300889,10403.539260317,13910.2607809368,20818.8595362875
hsa-miR-27b-5p,21.0,70.6958341751983,156.76693300221388,0.0,0.0,0.0,31.9290668293218,639.460376608657
hsa-miR-28-3p,21.0,3159.296334231792,3484.889688057258,0.0,1206.31134118022,2401.25806622628,3647.09765857928,16218.5646986773
hsa-miR-28-5p,21.0,127.93502663309121,172.28147334222112,0.0,0.0,63.6269485879365,228.514552339402,527.043749320859
hsa-miR-296-3p,21.0,17.81561600373814,49.832999394148985,0.0,0.0,0.0,2.78465602176051,217.461074109406
hsa-miR-299-5p,21.0,34.43079078022153,157.7817049875528,0.0,0.0,0.0,0.0,723.046606384652
hsa-miR-29a-3p,21.0,171.42442968901017,242.86248630462345,0.0,0.0,37.4077723161643,285.898260510699,715.83554012236
hsa-miR-29a-5p,21.0,0.4309562514651614,1.974889643553526,0.0,0.0,0.0,0.0,9.05008128076839
hsa-miR-29b-1-5p,21.0,4.9860281540605245,22.848851433163297,0.0,0.0,0.0,0.0,104.706591235271
hsa-miR-29b-2-5p,21.0,1.1627550612754907,5.328413082987952,0.0,0.0,0.0,0.0,24.4178562867853
hsa-miR-29b-3p,21.0,4.0652503190176095,11.023797691626404,0.0,0.0,0.0,0.0,42.7174508406034
hsa-miR-29c-3p,21.0,28.79934997541628,46.54560635661055,0.0,0.0,0.0,55.0642723171047,172.256733584511
hsa-miR-29c-5p,21.0,1.5586571798401763,7.142664509104006,0.0,0.0,0.0,0.0,32.7318007766437
hsa-miR-301a-3p,21.0,94.05322813722441,165.67577859231662,0.0,0.0,42.6173443330304,143.919470950286,738.733795798967
hsa-miR-301a-5p,21.0,0.4983235976894952,2.283605606994833,0.0,0.0,0.0,0.0,10.4647955514794
hsa-miR-301b,21.0,3.469258436056491,11.138379644844484,0.0,0.0,0.0,0.0,42.7571851453527
hsa-miR-3064-5p,21.0,5.74565110984001,19.123582764529765,0.0,0.0,0.0,0.0,85.5749895406173
hsa-miR-3065-3p,21.0,33.629743913378285,85.04964729249288,0.0,0.0,0.0,0.0,273.349170430599
hsa-miR-30a-3p,21.0,152.99475131025278,227.69466808392426,0.0,41.8591822059177,91.9607736105705,185.016491627808,1055.52242353269
hsa-miR-30a-5p,21.0,4468.149420586058,3178.1349831643665,526.614427795364,2189.13400908553,3988.17181251283,5757.84081703782,12666.2690823923
hsa-miR-30b-3p,21.0,20.891102030262417,63.25596350878754,0.0,0.0,0.0,6.38581336586436,280.126080168461
hsa-miR-30b-5p,21.0,1834.4459530554582,2629.634582976956,0.0,456.683587568724,1273.80979717791,2016.90777721292,12357.0016751827
hsa-miR-30c-1-3p,21.0,3.924652092613179,13.194434842033013,0.0,0.0,0.0,0.0,59.0626345730643
hsa-miR-30c-2-3p,21.0,2.2662490929035903,8.003692336964757,0.0,0.0,0.0,0.0,35.121973512254
hsa-miR-30c-5p,21.0,4195.818821503237,4128.252450442284,0.0,1663.44081277046,3601.14538615619,5934.98785984333,19207.0786907731
hsa-miR-30d-3p,21.0,5.224306471224733,16.840803347947347,0.0,0.0,0.0,0.0,65.5141160166379
hsa-miR-30d-5p,21.0,15657.399559278072,11507.259103667862,1544.62520939784,7620.6435392773,13198.1352064348,19602.5592941786,50682.7295055865
hsa-miR-30e-3p,21.0,502.5960486175983,564.5337414667375,0.0,139.217496535355,385.449906219733,603.15567059011,2321.89595166119
hsa-miR-30e-5p,21.0,7793.325194002774,6538.463133451822,790.842310179985,3122.07125050109,6190.1608864563,9696.33073148244,21852.6497852738
hsa-miR-31-3p,21.0,5.834517378926762,26.73711753246723,0.0,0.0,0.0,0.0,122.524864957462
hsa-miR-31-5p,21.0,687.4579724019832,1367.336119606477,0.0,0.0,99.7941415857743,717.988054184714,5892.86255271606
hsa-miR-3115,21.0,0.8362374645774763,3.8321214803842385,0.0,0.0,0.0,0.0,17.560986756127
hsa-miR-3119,21.0,3.4243660771852857,13.51167057619987,0.0,0.0,0.0,0.0,61.5674756463392
hsa-miR-3122,21.0,1.1627550612754907,5.328413082987952,0.0,0.0,0.0,0.0,24.4178562867853
hsa-miR-3124-5p,21.0,7.16531114716502,20.835761454023764,0.0,0.0,0.0,0.0,92.8127114719582
hsa-miR-3126-3p,21.0,1.5796934229741,7.239064685602707,0.0,0.0,0.0,0.0,33.1735618824561
hsa-miR-3126-5p,21.0,62.526877640972856,286.53414975899994,0.0,0.0,0.0,0.0,1313.06443046043
hsa-miR-3127-5p,21.0,92.38213538505815,355.8994854253967,0.0,0.0,0.0,12.2163386129579,1636.48501856212
hsa-miR-3128,21.0,2.905949036775738,13.316731426708829,0.0,0.0,0.0,0.0,61.0249297722905
hsa-miR-3129-5p,21.0,1.359825860198319,6.2315049363172355,0.0,0.0,0.0,0.0,28.5563430641647
hsa-miR-3131,21.0,59.08718754128798,168.87832812222794,0.0,0.0,0.0,33.5949311856343,767.450578842399
hsa-miR-3134,21.0,0.8877737619056857,4.068290463928508,0.0,0.0,0.0,0.0,18.6432490000194
hsa-miR-3135a,21.0,0.3186481170293617,1.3904632995305657,0.0,0.0,0.0,0.0,6.37987902164856
hsa-miR-3135b,21.0,0.07799299525790239,0.3574088044456696,0.0,0.0,0.0,0.0,1.63785290041595
hsa-miR-3138,21.0,4.43683505426642,19.033693974403583,0.0,0.0,0.0,0.0,87.3198738875525
hsa-miR-3145-5p,21.0,0.7007568424304355,3.0333674184766264,0.0,0.0,0.0,0.0,13.9176670203061
hsa-miR-3147,21.0,0.20905936614436907,0.9580303700960596,0.0,0.0,0.0,0.0,4.39024668903175
hsa-miR-3150a-5p,21.0,0.26678674301758243,1.2225704442888028,0.0,0.0,0.0,0.0,5.60252160336923
hsa-miR-3159,21.0,3.087700975159124,9.769860042479847,0.0,0.0,0.0,0.0,34.2904579564839
hsa-miR-3161,21.0,0.5817304101408524,2.6658236385281624,0.0,0.0,0.0,0.0,12.2163386129579
hsa-miR-3168,21.0,887.194591834234,2666.245365606027,0.0,16.6308552477179,170.79952882808,398.221127927331,12363.3618966332
hsa-miR-3173-5p,21.0,0.15204317537772286,0.6967493600698609,0.0,0.0,0.0,0.0,3.19290668293218
hsa-miR-3174,21.0,1.2644625344964229,5.1380142104162125,0.0,0.0,0.0,0.0,23.4996285711854
hsa-miR-3175,21.0,0.1661078658964986,0.7612018689982784,0.0,0.0,0.0,0.0,3.48826518382647
hsa-miR-3176,21.0,33.57505451317146,141.88375365343057,0.0,0.0,0.0,0.0,651.595882784874
hsa-miR-3177-3p,21.0,1.1113366436051,5.092784291898531,0.0,0.0,0.0,0.0,23.3380695157071
hsa-miR-3180,21.0,2.4856001438818796,9.70063079580226,0.0,0.0,0.0,0.0,44.119515227395
hsa-miR-3180-3p,21.0,2.7216584068847522,12.4722056653623,0.0,0.0,0.0,0.0,57.1548265445798
hsa-miR-3180-5p,21.0,0.08770495319335143,0.40191458683109194,0.0,0.0,0.0,0.0,1.84180401706038
hsa-miR-3185,21.0,1.2759365970406096,5.84707603790296,0.0,0.0,0.0,0.0,26.7946685378528
hsa-miR-3186-5p,21.0,0.12119418778654573,0.5553815393205382,0.0,0.0,0.0,0.0,2.54507794351746
hsa-miR-3188,21.0,9.198416528775715,42.152440016847656,0.0,0.0,0.0,0.0,193.16674710429
hsa-miR-3194-3p,21.0,0.22092346164234333,1.0123984857677113,0.0,0.0,0.0,0.0,4.63939269448921
hsa-miR-3195,21.0,0.7192589464893914,2.3827223492641387,0.0,0.0,0.0,0.0,10.1504509049278
hsa-miR-3196,21.0,336.1650865228741,676.5411043429827,0.0,0.0,15.6097660054462,207.480409684307,2599.80371187873
hsa-miR-3198,21.0,2.8567379839849334,9.03397388695012,0.0,0.0,0.0,0.0,31.4351545995189
hsa-miR-3199,21.0,0.5073493372979809,2.3249667419536806,0.0,0.0,0.0,0.0,10.6543360832576
hsa-miR-32-3p,21.0,13.251032918193573,38.06432259331323,0.0,0.0,0.0,0.0,135.751219211526
hsa-miR-32-5p,21.0,53.33203848172732,91.6633289467265,0.0,0.0,0.0,57.3248515145581,261.575039887591
hsa-miR-3200-3p,21.0,11.290141959689887,37.94691822758701,0.0,0.0,0.0,0.0,168.075648101077
hsa-miR-3200-5p,21.0,4.58546841289204,19.474181478233355,0.0,0.0,0.0,0.0,89.3183063030799
hsa-miR-3202,21.0,0.1661078658964986,0.7612018689982784,0.0,0.0,0.0,0.0,3.48826518382647
hsa-miR-320a,21.0,24109.490423611776,18903.26416031683,5131.80260022826,9205.97250418838,18156.8405568479,40382.8951366412,65653.2215230214
hsa-miR-320b,21.0,3504.9651785388255,6570.191776762921,0.0,534.758971985807,1188.18866899183,3883.66265672641,30239.2095450352
hsa-miR-320c,21.0,120.1855123962054,136.8552838986133,0.0,30.363022696978,76.5534473878504,143.765982428237,441.788506606521
hsa-miR-320d,21.0,95.13380217620075,132.88990052961177,0.0,12.9570556656855,35.3751460779406,114.20848390602,464.429866354385
hsa-miR-320e,21.0,2.187907671497273,4.704781736778364,0.0,0.0,0.0,0.0,14.4375328956379
hsa-miR-323a-3p,21.0,1275.3706313621685,5277.808738071905,0.0,0.0,0.0,51.4753768702155,24272.6818619661
hsa-miR-323b-3p,21.0,144.14858545578082,415.1623718573296,0.0,0.0,0.0,0.0,1809.46701177033
hsa-miR-323b-5p,21.0,0.6379682985203048,2.92353801895148,0.0,0.0,0.0,0.0,13.3973342689264
hsa-miR-324-3p,21.0,41.7000945180882,82.03228486661916,0.0,0.0,0.0,29.8652682265357,308.138688185308
hsa-miR-324-5p,21.0,106.00788983970187,135.96865682911823,0.0,0.0,77.9093953735714,173.059141568043,546.698340861198
hsa-miR-326,21.0,18.45206645023864,39.153990002337544,0.0,0.0,0.0,0.0,149.326341132679
hsa-miR-328-3p,21.0,314.1801433018456,379.0208308401888,0.0,25.4507794351746,216.915886736051,409.04888006992,1588.6656511366
hsa-miR-330-3p,21.0,96.17420375352044,314.0002742178037,0.0,0.0,0.0,25.9597195525355,1442.32877749809
hsa-miR-330-5p,21.0,23.170933801112,75.27221481970655,0.0,0.0,0.0,0.0,299.008976900434
hsa-miR-331-3p,21.0,16.30569089263709,71.34017206260476,0.0,0.0,0.0,0.0,327.486022319523
hsa-miR-335-3p,21.0,152.75400759726503,254.56146087588633,0.0,0.0,0.0,229.675644779348,816.85217288771
hsa-miR-335-5p,21.0,115.71207371819844,191.33411183825262,0.0,0.0,0.0,116.891787040151,738.733795798967
hsa-miR-337-3p,21.0,4.421943838871942,16.414278048977476,0.0,0.0,0.0,0.0,73.7033805187177
hsa-miR-339-3p,21.0,33.545786690900364,52.51967532437246,0.0,0.0,0.0,48.6884476151166,195.334215255757
hsa-miR-339-5p,21.0,17.662995393267902,46.553606805171164,0.0,0.0,0.0,0.491993527201727,191.191104976587
hsa-miR-33a-5p,21.0,3.5640399752104566,12.952569651877539,0.0,0.0,0.0,0.0,57.6863805226811
hsa-miR-33b-3p,21.0,1.9932943907579856,9.134422427979354,0.0,0.0,0.0,0.0,41.8591822059177
hsa-miR-33b-5p,21.0,22.034063867821047,55.74126039369789,0.0,0.0,0.0,0.0,242.282798195261
hsa-miR-340-3p,21.0,43.29589088644544,80.54954563152216,0.0,0.0,0.0,63.8581336586436,326.740869155084
hsa-miR-340-5p,21.0,410.5083805560374,493.9595682472432,0.0,0.0,336.151296202154,609.278446567437,1741.6108816573
hsa-miR-342-3p,21.0,368.5741204471213,353.17493630270303,0.0,0.0,392.050673921367,603.15713332709,1184.51307186593
hsa-miR-342-5p,21.0,46.812483046126246,59.6577408103762,0.0,0.0,17.1584589567385,79.9881639391202,196.513044014486
hsa-miR-345-5p,21.0,201.86381373356974,253.35439706397662,0.0,0.0,133.727518484397,270.245728568631,750.322531691673
hsa-miR-34a-5p,21.0,176.56654759788984,334.1677795810965,0.0,0.0,13.9530607353059,245.049729914925,1484.92983933657
hsa-miR-34c-3p,21.0,4.536097344807919,20.78700944227049,0.0,0.0,0.0,0.0,95.2580442409663
hsa-miR-34c-5p,21.0,8.590476866546286,25.72601630850378,0.0,0.0,0.0,0.0,104.003122400151
hsa-miR-3605-3p,21.0,19.688328203243266,71.2343141305048,0.0,0.0,0.0,0.0,323.818809638143
hsa-miR-3605-5p,21.0,1.7749887647342952,4.526222601742751,0.0,0.0,0.0,0.0,15.0486210059168
hsa-miR-3607-3p,21.0,7.002824436162962,16.164504327500648,0.0,0.0,0.0,0.0,57.5866865300074
hsa-miR-3607-5p,21.0,29.208355554794974,96.50021465757041,0.0,0.0,0.0,0.0,439.452587262759
hsa-miR-3609,21.0,4020.13516216121,8841.853054572444,0.0,0.0,224.042591826957,2977.74115972532,31638.6000863322
hsa-miR-361-3p,21.0,8.409072918053267,20.871647822013244,0.0,0.0,0.0,0.0,82.4602856374659
hsa-miR-361-5p,21.0,245.65789219460163,253.4638420044086,0.0,95.2580442409663,155.940737218589,311.19205107903,904.733505885166
hsa-miR-3612,21.0,0.19703260903908143,0.9029168452962308,0.0,0.0,0.0,0.0,4.13768478982071
hsa-miR-3613-3p,21.0,7.508644867428834,20.589769960249395,0.0,0.0,0.0,0.0,87.3198738875525
hsa-miR-3613-5p,21.0,25.67615351258584,59.89370860193049,0.0,0.0,0.0,10.9106002588813,243.328585885676
hsa-miR-3614-3p,21.0,0.31625539612836856,1.449264291696493,0.0,0.0,0.0,0.0,6.64136331869574
hsa-miR-3614-5p,21.0,124.413443894721,256.99556436598704,0.0,0.0,0.0,58.0276084115501,911.018730286997
hsa-miR-3615,21.0,776.9851075960155,1030.1461372061758,0.0,26.6627213130401,294.082042521705,1555.64078406688,3733.74783627523
hsa-miR-3618,21.0,0.9246815849348571,4.237423356695721,0.0,0.0,0.0,0.0,19.418313283632
hsa-miR-3620-3p,21.0,14.360849299764524,65.80967896002451,0.0,0.0,0.0,0.0,301.577835295055
hsa-miR-3621,21.0,0.02847704541908895,0.13049821620167057,0.0,0.0,0.0,0.0,0.598017953800868
hsa-miR-363-3p,21.0,167.99868994843598,274.64545231113107,0.0,0.0,0.0,321.661172120164,744.744616746952
hsa-miR-363-5p,21.0,0.4710564854052408,2.0495208629931723,0.0,0.0,0.0,0.0,9.40382906777435
hsa-miR-3648,21.0,24.73532088113486,102.49715961150955,0.0,0.0,0.0,0.0,469.544667710945
hsa-miR-3651,21.0,64.10392581122139,139.73548114191016,0.0,0.0,0.0,40.0055342825646,515.846740538025
hsa-miR-3653,21.0,1525.463178250217,3033.6630028017225,0.0,0.0,0.0,577.501315825517,10202.8143421357
hsa-miR-3655,21.0,0.4752101980274957,2.1776867034759535,0.0,0.0,0.0,0.0,9.97941415857741
hsa-miR-3656,21.0,51.058592781909795,113.17589864621428,0.0,0.0,0.0,8.78390241956932,412.971638856425
hsa-miR-365a-3p,21.0,6.5669802766358645,11.11954780296386,0.0,0.0,0.0,10.9106002588813,38.1761691527619
hsa-miR-365a-5p,21.0,7.81450536701423,35.05359465633089,0.0,0.0,0.0,0.0,160.768011227117
hsa-miR-365b-3p,21.0,6.5669802766358645,11.11954780296386,0.0,0.0,0.0,10.9106002588813,38.1761691527619
hsa-miR-365b-5p,21.0,15.668017051934422,38.895307138090935,0.0,0.0,0.0,0.0,127.253897175873
hsa-miR-3665,21.0,0.1225341843840438,0.5615221751595566,0.0,0.0,0.0,0.0,2.57321787206492
hsa-miR-3679-5p,21.0,0.5561002466969762,2.5483714744725097,0.0,0.0,0.0,0.0,11.6781051806365
hsa-miR-3687,21.0,4.9860281540605245,22.848851433163297,0.0,0.0,0.0,0.0,104.706591235271
hsa-miR-3689b-3p,21.0,0.9281271147195809,4.253212757743443,0.0,0.0,0.0,0.0,19.4906694091112
hsa-miR-3689c,21.0,0.9281271147195809,4.253212757743443,0.0,0.0,0.0,0.0,19.4906694091112
hsa-miR-369-3p,21.0,7.803342544444766,25.030626952831657,0.0,0.0,0.0,0.0,111.5299832188
hsa-miR-369-5p,21.0,7.8450090522960965,18.740444796923946,0.0,0.0,0.0,0.0,63.7987902164856
hsa-miR-3691-5p,21.0,1.8162427601149,6.323620256385278,0.0,0.0,0.0,0.0,27.4867618791553
hsa-miR-370-3p,21.0,27.096757772490736,53.136397906404625,0.0,0.0,0.0,13.9530607353059,155.596025539515
hsa-miR-370-5p,21.0,1.7912055367189237,8.208334957238469,0.0,0.0,0.0,0.0,37.6153162710974
hsa-miR-374a-3p,21.0,70.9458496340985,198.7552103831012,0.0,0.0,0.0,40.7739513955137,904.733505885166
hsa-miR-374a-5p,21.0,18.36738495022707,48.78018966813776,0.0,0.0,0.0,9.05008128076839,190.516088481933
hsa-miR-375,21.0,32367.62713970823,50907.580174245995,0.0,424.781529303379,1170.73585401803,75950.4386293384,158385.550159455
hsa-miR-376c-3p,21.0,1.450784335811698,5.659459833107586,0.0,0.0,0.0,0.0,25.7376884351077
hsa-miR-377-3p,21.0,1.2163454030217857,5.5739948805588995,0.0,0.0,0.0,0.0,25.5432534634575
hsa-miR-377-5p,21.0,4.860860206970334,22.27525984104027,0.0,0.0,0.0,0.0,102.078064346377
hsa-miR-378a-3p,21.0,1407.4047437987751,1675.2206012037182,0.0,401.371104802078,673.903042632361,2180.5014080313,5925.75412671554
hsa-miR-378a-5p,21.0,8.932411091567523,40.93344996557129,0.0,0.0,0.0,0.0,187.580632922918
hsa-miR-378b,21.0,0.09616771183481523,0.44069581889374143,0.0,0.0,0.0,0.0,2.01952194853112
hsa-miR-378c,21.0,1.6661428854493503,4.44601633609417,0.0,0.0,0.0,0.61393467235346,16.7654157864101
hsa-miR-378d,21.0,0.08941625049754715,0.33951484538666626,0.0,0.0,0.0,0.0,1.53483668088365
hsa-miR-378g,21.0,0.020410986878859477,0.093534892381124,0.0,0.0,0.0,0.0,0.428630724456049
hsa-miR-378i,21.0,18.915779669114812,48.65766019212379,0.0,0.0,0.0,5.83451737892679,196.513044014486
hsa-miR-379-3p,21.0,0.030202926959639758,0.13840719900177162,0.0,0.0,0.0,0.0,0.634261466152435
hsa-miR-379-5p,21.0,296.1047860692761,743.8864465117402,0.0,0.0,0.0,150.522743623946,3279.60639743175
hsa-miR-380-3p,21.0,0.15204317537772286,0.6967493600698609,0.0,0.0,0.0,0.0,3.19290668293218
hsa-miR-381-3p,21.0,74.84722206120406,159.3785144066149,0.0,0.0,0.0,78.6632461672923,606.005573153901
hsa-miR-382-3p,21.0,10.201123618912796,31.85586895467629,0.0,0.0,0.0,0.0,137.267671653908
hsa-miR-382-5p,21.0,177.69505049085376,532.6461880150581,0.0,0.0,34.8826518382648,94.8070589730269,2466.82405942858
hsa-miR-384,21.0,9.006985655621904,41.27519355026882,0.0,0.0,0.0,0.0,189.14669876806
hsa-miR-3909,21.0,65.76417247780526,128.53416570235515,0.0,0.0,0.0,20.2625433379223,392.176512235846
hsa-miR-3912-3p,21.0,3.4579615115495765,14.387590378459855,0.0,0.0,0.0,0.0,65.9272920259213
hsa-miR-3916,21.0,2.571618263941105,11.78463535304104,0.0,0.0,0.0,0.0,54.0039835427632
hsa-miR-3917,21.0,0.4120455751620081,1.8882300379515184,0.0,0.0,0.0,0.0,8.65295707840217
hsa-miR-3919,21.0,5.698317890354857,26.1129730664722,0.0,0.0,0.0,0.0,119.664675697452
hsa-miR-3922-3p,21.0,1.7238250058606475,7.899558574214112,0.0,0.0,0.0,0.0,36.2003251230736
hsa-miR-3928-3p,21.0,10.636752599970666,37.19900251539433,0.0,0.0,0.0,0.0,168.075648101077
hsa-miR-3928-5p,21.0,3.0372130047844332,13.91825849612894,0.0,0.0,0.0,0.0,63.7814731004731
hsa-miR-3929,21.0,0.5073493372979809,2.3249667419536806,0.0,0.0,0.0,0.0,10.6543360832576
hsa-miR-3934-5p,21.0,6.63812136362929,21.03814208076445,0.0,0.0,0.0,0.0,75.230632542195
hsa-miR-3938,21.0,0.3201440916210986,1.4670845331465623,0.0,0.0,0.0,0.0,6.72302592404307
hsa-miR-3944-3p,21.0,4.942274232900814,18.12726460017044,0.0,0.0,0.0,0.0,82.7674155325424
hsa-miR-3960,21.0,43.750364388830086,185.1363765739013,0.0,0.0,0.0,0.0,849.543865168812
hsa-miR-3975,21.0,0.5304106708115238,2.4306470484061125,0.0,0.0,0.0,0.0,11.138624087042
hsa-miR-409-3p,21.0,1167.4456108557715,1855.4794050981056,0.0,0.0,122.205050087431,1735.32709388841,6854.41438824073
hsa-miR-410-3p,21.0,105.43161602633934,251.3534357265589,0.0,0.0,0.0,40.1981035469527,953.98102153948
hsa-miR-410-5p,21.0,21.39374738515433,98.0384667912333,0.0,0.0,0.0,0.0,449.268695088241
hsa-miR-411-3p,21.0,21.7224789964001,69.57508878136314,0.0,0.0,0.0,0.0,292.213318334515
hsa-miR-411-5p,21.0,421.70511384781446,1176.2191101736682,0.0,0.0,90.6500265356417,171.149979081235,5424.87715233644
hsa-miR-412-5p,21.0,3.110655479133691,10.820161816528037,0.0,0.0,0.0,0.0,46.9992571423706
hsa-miR-421,21.0,222.12639308024492,323.7022989249031,0.0,0.0,106.771247365819,273.349170430599,1115.37589986472
hsa-miR-424-3p,21.0,80.09231603568088,191.5205090099559,0.0,0.0,0.0,90.6500265356417,880.396251958022
hsa-miR-424-5p,21.0,5.152296265978224,16.348136622733936,0.0,0.0,0.0,0.0,59.0626345730643
hsa-miR-425-3p,21.0,117.77628219042879,137.405756991317,0.0,0.0,101.803117740698,191.574400975931,417.652489606067
hsa-miR-425-5p,21.0,1010.5254081630356,1042.9268500577546,0.0,146.06534284535,820.403704074178,1227.74203060227,3750.05482149503
hsa-miR-4260,21.0,0.4630893701738543,2.1221420923511127,0.0,0.0,0.0,0.0,9.72487677365094
hsa-miR-4269,21.0,0.07779356505235714,0.35649490043289783,0.0,0.0,0.0,0.0,1.6336648660995
hsa-miR-4272,21.0,0.03159119310626019,0.1447690337034044,0.0,0.0,0.0,0.0,0.663415055231464
hsa-miR-4278,21.0,0.03713157102546781,0.1701582348968353,0.0,0.0,0.0,0.0,0.779762991534824
hsa-miR-4279,21.0,2.4680839362599523,11.310181459415798,0.0,0.0,0.0,0.0,51.829762661459
hsa-miR-4286,21.0,2.570652237219966,11.524248816712396,0.0,0.0,0.0,0.0,52.8551405986166
hsa-miR-4289,21.0,1.247504938451781,5.716785810286513,0.0,0.0,0.0,0.0,26.1976037074874
hsa-miR-429,21.0,57.58779219405851,120.46361776656975,0.0,0.0,0.0,20.9295911029588,448.201728269539
hsa-miR-4292,21.0,48.863075909792855,223.9187440449989,0.0,0.0,0.0,0.0,1026.12459410565
hsa-miR-4294,21.0,40.03012741881042,154.32979629929406,0.0,0.0,0.0,0.0,700.202659314773
hsa-miR-4295,21.0,3.5562316163009045,16.296700570494046,0.0,0.0,0.0,0.0,74.680863942319
hsa-miR-4297,21.0,0.26810092119903906,1.2285927652819872,0.0,0.0,0.0,0.0,5.63011934517982
hsa-miR-4306,21.0,0.3066383197775538,0.9815079273391403,0.0,0.0,0.0,0.0,4.33339186032087
hsa-miR-4308,21.0,2.193852387786624,10.053494630591818,0.0,0.0,0.0,0.0,46.0709001435191
hsa-miR-431-3p,21.0,23.3023714079243,101.6480073606431,0.0,0.0,0.0,0.0,466.635221526435
hsa-miR-431-5p,21.0,64.26924391487154,132.9431349458142,0.0,0.0,0.0,8.24091150324016,388.722538821576
hsa-miR-4318,21.0,0.18404366974335715,0.8433940477763882,0.0,0.0,0.0,0.0,3.8649170646105
hsa-miR-432-3p,21.0,0.6371333063447429,2.919711604102272,0.0,0.0,0.0,0.0,13.3797994332396
hsa-miR-432-5p,21.0,184.89240687485662,319.9095808133675,0.0,0.0,0.0,240.777936094669,1013.01383422002
hsa-miR-4322,21.0,0.21584107729603857,0.9891080747899113,0.0,0.0,0.0,0.0,4.53266262321681
hsa-miR-4324,21.0,0.013879471077624475,0.06360372681916446,0.0,0.0,0.0,0.0,0.291468892630114
hsa-miR-4326,21.0,34.47818748561606,144.72374358987045,0.0,0.0,0.0,0.0,663.471237649122
hsa-miR-433-3p,21.0,96.8382346590898,416.55075295393954,0.0,0.0,0.0,0.0,1911.07510190773
hsa-miR-4418,21.0,64.98875362084901,281.17583293086165,0.0,0.0,0.0,0.0,1290.08296209551
hsa-miR-4429,21.0,0.3751615362878195,1.0589469231582767,0.0,0.0,0.0,0.0,3.5121973512254
hsa-miR-4435,21.0,1.330353409593399,3.4762324026714735,0.0,0.0,0.0,0.0,12.7716267317287
hsa-miR-4436b-5p,21.0,2.8125064082411573,12.888523508313476,0.0,0.0,0.0,0.0,59.0626345730643
hsa-miR-4440,21.0,1.359825860198319,6.2315049363172355,0.0,0.0,0.0,0.0,28.5563430641647
hsa-miR-4443,21.0,28.84908700776152,91.51116224447205,0.0,0.0,0.0,0.0,329.822912359657
hsa-miR-4446-3p,21.0,29.809615406586392,48.95597132639475,0.0,0.0,0.0,59.0626345730643,165.192816951314
hsa-miR-4448,21.0,1.4958084462181525,6.8546554299489655,0.0,0.0,0.0,0.0,31.4119773705812
hsa-miR-4449,21.0,29.594749290441065,99.75665060456872,0.0,0.0,0.0,0.0,448.201728269539
hsa-miR-4450,21.0,18.388395349974285,84.26621360003112,0.0,0.0,0.0,0.0,386.15630234946
hsa-miR-4451,21.0,1.1393363260633238,5.221094956198071,0.0,0.0,0.0,0.0,23.9260628473298
hsa-miR-4453,21.0,1.0696873692577142,4.901923339561654,0.0,0.0,0.0,0.0,22.463434754412
hsa-miR-4461,21.0,1.7097550400344192,7.835081890789977,0.0,0.0,0.0,0.0,35.9048558407228
hsa-miR-4466,21.0,16.740374235170602,32.95054716775339,0.0,0.0,0.0,20.0027671412823,137.922826327357
hsa-miR-4471,21.0,1.7912055367189237,8.208334957238469,0.0,0.0,0.0,0.0,37.6153162710974
hsa-miR-4472,21.0,0.7632976279379813,3.3066249478387224,0.0,0.0,0.0,0.0,15.1715108960093
hsa-miR-4473,21.0,1.7912055367189237,8.208334957238469,0.0,0.0,0.0,0.0,37.6153162710974
hsa-miR-4478,21.0,0.04919043909279286,0.22541891061083816,0.0,0.0,0.0,0.0,1.03299922094865
hsa-miR-4482-3p,21.0,0.3040863507554457,1.3934987201397218,0.0,0.0,0.0,0.0,6.38581336586436
hsa-miR-4485,21.0,21.247364463854932,59.467837188258756,0.0,0.0,0.0,0.0,227.391143106298
hsa-miR-4488,21.0,3.260726859103781,14.942527652418683,0.0,0.0,0.0,0.0,68.4752640411794
hsa-miR-4489,21.0,7.526972989828495,16.58459222504509,0.0,0.0,0.0,0.0,60.1714389478113
hsa-miR-4491,21.0,7.963530841500606,33.682347403138095,0.0,0.0,0.0,0.0,154.462520939784
hsa-miR-4492,21.0,595.1101895934308,1074.4860452654182,0.0,0.0,4.13199688379458,717.781885419894,3723.24447480742
hsa-miR-4497,21.0,412.7859059221808,689.5883650024813,0.0,0.0,0.0,738.549814469569,1850.71979613966
hsa-miR-449a,21.0,29.678757463727045,134.41522887415215,0.0,0.0,0.0,0.0,616.277376370615
hsa-miR-449b-5p,21.0,10.878606881586572,49.852039490537976,0.0,0.0,0.0,0.0,228.450744513318
hsa-miR-449c-5p,21.0,18.78178670843781,86.06895927793174,0.0,0.0,0.0,0.0,394.417520877194
hsa-miR-4500,21.0,1.678242848667189,4.550571264590003,0.0,0.0,0.0,1.40542438713109,20.6949497970888
hsa-miR-4504,21.0,3.745868865109157,17.165727617741037,0.0,0.0,0.0,0.0,78.6632461672923
hsa-miR-4505,21.0,6.930148721234334,31.757931092357754,0.0,0.0,0.0,0.0,145.533123145921
hsa-miR-4508,21.0,627.5961681597274,1122.5135644611942,0.0,0.0,94.2921688881924,543.774155621131,4187.67434116181
hsa-miR-450a-5p,21.0,0.15204317537772286,0.6967493600698609,0.0,0.0,0.0,0.0,3.19290668293218
hsa-miR-450b-5p,21.0,1.4246473404746096,4.510721727682892,0.0,0.0,0.0,0.0,15.9645334146609
hsa-miR-4510,21.0,3.1364487005478248,12.277923637411313,0.0,0.0,0.0,0.0,56.0252160336923
hsa-miR-4511,21.0,0.1661078658964986,0.7612018689982784,0.0,0.0,0.0,0.0,3.48826518382647
hsa-miR-4513,21.0,3.3700797294945097,15.308316507728222,0.0,0.0,0.0,0.0,70.1786692381342
hsa-miR-4516,21.0,816.5705999524686,1218.4341441996933,0.0,13.5426765960322,105.396168955076,892.279555263691,3414.92548789989
hsa-miR-4517,21.0,2.3932935139490477,10.96744868791836,0.0,0.0,0.0,0.0,50.25916379293
hsa-miR-451a,21.0,18068.69566875272,23394.792309686698,11.138624087042,616.277376370615,3196.26882270484,39608.727922572,71001.9926258778
hsa-miR-451b,21.0,0.8619125029303237,3.949779287107056,0.0,0.0,0.0,0.0,18.1001625615368
hsa-miR-452-3p,21.0,10.878606881586572,49.852039490537976,0.0,0.0,0.0,0.0,228.450744513318
hsa-miR-452-5p,21.0,26.032755442967012,47.84501190803168,0.0,0.0,0.0,24.4178562867853,135.913171318379
hsa-miR-4521,21.0,3.712874695680681,17.014529338842852,0.0,0.0,0.0,0.0,77.9703686092943
hsa-miR-4523,21.0,0.41250093987536995,1.890316781219311,0.0,0.0,0.0,0.0,8.66251973738277
hsa-miR-4530,21.0,0.9957448525642524,4.563076159738329,0.0,0.0,0.0,0.0,20.9106419038493
hsa-miR-4532,21.0,56.85015811057972,140.49906663219232,0.0,0.0,0.0,43.2440699849868,585.415797925696
hsa-miR-454-3p,21.0,79.64082892441914,95.99517422413842,0.0,0.0,48.6884476151166,125.331352379655,276.937922855093
hsa-miR-454-5p,21.0,89.66955198411254,215.88954856570928,0.0,0.0,0.0,98.8881248355526,977.640400699448
hsa-miR-455-3p,21.0,4.95404745731142,11.82954082876063,0.0,0.0,0.0,0.0,45.7206106086452
hsa-miR-455-5p,21.0,6.255742915947666,25.019566179142334,0.0,0.0,0.0,0.0,114.225372256659
hsa-miR-4632-3p,21.0,2.7196517203966475,12.463009872634515,0.0,0.0,0.0,0.0,57.1126861283296
hsa-miR-4635,21.0,15.926613158490495,46.725557646975396,0.0,0.0,0.0,0.0,199.588283171549
hsa-miR-4636,21.0,1.897287670881229,8.19841772968768,0.0,0.0,0.0,0.0,37.6153162710974
hsa-miR-4638-5p,21.0,77.58922131714529,249.484336743904,0.0,0.0,0.0,0.0,962.743023164981
hsa-miR-4645-3p,21.0,0.3322157317929976,1.522403737996559,0.0,0.0,0.0,0.0,6.97653036765295
hsa-miR-4646-3p,21.0,1.7934222748469957,7.487642860275392,0.0,0.0,0.0,0.0,34.316917913477
hsa-miR-4646-5p,21.0,1.1627550612754907,5.328413082987952,0.0,0.0,0.0,0.0,24.4178562867853
hsa-miR-4647,21.0,0.14529745183878714,0.6658365713354426,0.0,0.0,0.0,0.0,3.05124648861453
hsa-miR-4648,21.0,0.18271865248614858,0.837322055898107,0.0,0.0,0.0,0.0,3.83709170220912
hsa-miR-4649-5p,21.0,0.9972056308121047,4.569770286632657,0.0,0.0,0.0,0.0,20.9413182470542
hsa-miR-4652-3p,21.0,0.2934654173193405,1.344827488717682,0.0,0.0,0.0,0.0,6.16277376370615
hsa-miR-4654,21.0,0.10025524176876287,0.4594272342214543,0.0,0.0,0.0,0.0,2.10536007714402
hsa-miR-4658,21.0,9.916477442871182,32.35639971089282,0.0,0.0,0.0,3.91660476186422,147.746759159793
hsa-miR-4660,21.0,1.6132118101226969,6.667925903615518,0.0,0.0,0.0,0.0,30.5408465323948
hsa-miR-4664-5p,21.0,5.819288099401477,26.667328206262976,0.0,0.0,0.0,0.0,122.205050087431
hsa-miR-4668-5p,21.0,0.25518731940812234,1.1694152075805941,0.0,0.0,0.0,0.0,5.35893370757057
hsa-miR-4669,21.0,0.9281271147195809,4.253212757743443,0.0,0.0,0.0,0.0,19.4906694091112
hsa-miR-4670-3p,21.0,0.15204317537772286,0.6967493600698609,0.0,0.0,0.0,0.0,3.19290668293218
hsa-miR-4670-5p,21.0,0.15204317537772286,0.6967493600698609,0.0,0.0,0.0,0.0,3.19290668293218
hsa-miR-4671-5p,21.0,2.1448073695923093,9.828742122255886,0.0,0.0,0.0,0.0,45.0409547614385
hsa-miR-4677-3p,21.0,49.02147693100429,102.44654899334182,0.0,0.0,0.0,38.3709170220912,392.176512235846
hsa-miR-4679,21.0,8.090772222618176,30.80463470841252,0.0,0.0,0.0,0.0,139.354954153124
hsa-miR-4685-3p,21.0,6.699274787908923,17.895379575606054,0.0,0.0,0.0,0.0,63.7987902164856
hsa-miR-4685-5p,21.0,4.298824560617966,19.69968894836711,0.0,0.0,0.0,0.0,90.2753157729773
hsa-miR-4686,21.0,14.614679609594523,66.97287556849457,0.0,0.0,0.0,0.0,306.908271801485
hsa-miR-4687-3p,21.0,3.794037924696185,10.362169707576621,0.0,0.0,0.0,0.0,41.2045575162008
hsa-miR-4687-5p,21.0,5.420578847818242,17.225261318665943,0.0,0.0,0.0,0.0,62.9305969338339
hsa-miR-4690-3p,21.0,0.6987271840936666,3.201970211232572,0.0,0.0,0.0,0.0,14.673270865967
hsa-miR-4690-5p,21.0,5.301581550570534,21.741274753503305,0.0,0.0,0.0,0.0,99.5206856473683
hsa-miR-4693-3p,21.0,0.7376088725905048,3.380148491917026,0.0,0.0,0.0,0.0,15.4897863244006
hsa-miR-4693-5p,21.0,0.05811898073551477,0.2663346285341766,0.0,0.0,0.0,0.0,1.22049859544581
hsa-miR-4695-5p,21.0,0.6644314635859953,3.044807475993118,0.0,0.0,0.0,0.0,13.9530607353059
hsa-miR-4698,21.0,233.238585623107,617.6168869569033,0.0,0.0,0.0,50.9098702219204,2688.50084125644
hsa-miR-4700-3p,21.0,0.49240130071858573,2.256466232837633,0.0,0.0,0.0,0.0,10.3404273150903
hsa-miR-4703-3p,21.0,1.9203650728024904,8.800218308066794,0.0,0.0,0.0,0.0,40.3276665288523
hsa-miR-4704-3p,21.0,0.016724749291549525,0.07664242960768476,0.0,0.0,0.0,0.0,0.35121973512254
hsa-miR-4709-3p,21.0,0.14543260253521334,0.6664559096320417,0.0,0.0,0.0,0.0,3.05408465323948
hsa-miR-4713-5p,21.0,9.072194689615857,41.57401888454107,0.0,0.0,0.0,0.0,190.516088481933
hsa-miR-4716-3p,21.0,0.22266531140573953,1.0203806441577155,0.0,0.0,0.0,0.0,4.67597153952053
hsa-miR-4716-5p,21.0,0.22266531140573953,1.0203806441577155,0.0,0.0,0.0,0.0,4.67597153952053
hsa-miR-4725-3p,21.0,8.003602290527477,36.677113328664106,0.0,0.0,0.0,0.0,168.075648101077
hsa-miR-4726-5p,21.0,9.819329941189972,40.92830653931364,0.0,0.0,0.0,0.0,187.56267976497
hsa-miR-4728-3p,21.0,4.130607008442067,11.760770782871674,0.0,0.0,0.0,0.0,44.7933718059073
hsa-miR-4730,21.0,10.989171638080714,50.35871085636675,0.0,0.0,0.0,0.0,230.772604399695
hsa-miR-4732-3p,21.0,47.88106813062755,77.4020365182461,0.0,0.0,0.0,92.8127114719582,293.251754078029
hsa-miR-4732-5p,21.0,106.5540923712417,234.98667433207112,0.0,0.0,0.0,115.947366567352,1052.02608336136
hsa-miR-4734,21.0,3.3115118274443427,10.471758469139912,0.0,0.0,0.0,0.0,36.4163904219
hsa-miR-4739,21.0,4.170390636651624,19.111130769991146,0.0,0.0,0.0,0.0,87.5782033696841
hsa-miR-4742-3p,21.0,5.4531633431202735,24.64189200541975,0.0,0.0,0.0,0.0,112.989387878906
hsa-miR-4743-5p,21.0,4.068328651486043,18.643423997392404,0.0,0.0,0.0,0.0,85.4349016812069
hsa-miR-4745-5p,21.0,63.88583814731774,175.1538162472946,0.0,0.0,0.0,0.0,734.431021212886
hsa-miR-4746-5p,21.0,7.137849442002957,22.678854877548968,0.0,0.0,0.0,0.0,82.7674155325424
hsa-miR-4747-5p,21.0,0.1661078658964986,0.7612018689982784,0.0,0.0,0.0,0.0,3.48826518382647
hsa-miR-4748,21.0,11.396635780709762,52.225946132944614,0.0,0.0,0.0,0.0,239.329351394905
hsa-miR-4749-3p,21.0,3.6391769267574055,12.283789931753127,0.0,0.0,0.0,0.0,51.917742470413
hsa-miR-4750-5p,21.0,0.5304106708115238,2.4306470484061125,0.0,0.0,0.0,0.0,11.138624087042
hsa-miR-4755-3p,21.0,4.522771883796109,13.813189614881697,0.0,0.0,0.0,0.0,59.0626345730643
hsa-miR-4757-5p,21.0,18.46617287524406,81.44468525979227,0.0,0.0,0.0,0.0,373.665956895262
hsa-miR-4761-5p,21.0,0.8700888213626143,3.987247885229091,0.0,0.0,0.0,0.0,18.2718652486149
hsa-miR-4762-5p,21.0,0.9800624465152674,4.375406270600388,0.0,0.0,0.0,0.0,20.0696991498594
hsa-miR-4767,21.0,2.23805986392241,10.256078736267009,0.0,0.0,0.0,0.0,46.9992571423706
hsa-miR-4768-5p,21.0,4.4058357870425615,20.190075993667875,0.0,0.0,0.0,0.0,92.5225515278938
hsa-miR-4769-5p,21.0,0.13937291076291286,0.6386869133973737,0.0,0.0,0.0,0.0,2.92683112602117
hsa-miR-4773,21.0,1.0671469720703286,4.890281777155207,0.0,0.0,0.0,0.0,22.4100864134769
hsa-miR-4775,21.0,3.075477771801944,11.934214946149808,0.0,0.0,0.0,0.0,54.2794136098471
hsa-miR-4778-3p,21.0,0.16967186290116382,0.7775341550487527,0.0,0.0,0.0,0.0,3.56310912092444
hsa-miR-4781-3p,21.0,13.126128200652065,50.39801030967278,0.0,0.0,0.0,0.0,228.450744513318
hsa-miR-4782-5p,21.0,15.866307274387195,62.661177307384705,0.0,0.0,0.0,0.0,285.563430641648
hsa-miR-4787-3p,21.0,5.836811342553472,22.9861311179219,0.0,0.0,0.0,0.0,104.706591235271
hsa-miR-4787-5p,21.0,9.635537693627814,40.89914620342349,0.0,0.0,0.0,0.0,187.580632922918
hsa-miR-4792,21.0,7.639815925547899,32.562144971008394,0.0,0.0,0.0,0.0,149.361727884638
hsa-miR-4795-3p,21.0,0.8803962519580237,4.034482466153057,0.0,0.0,0.0,0.0,18.4883212911185
hsa-miR-4800-3p,21.0,6.298140826181715,28.86170707346942,0.0,0.0,0.0,0.0,132.260957349816
hsa-miR-483-3p,21.0,4.207164558316656,14.40187993173768,0.0,0.0,0.0,0.0,65.9272920259213
hsa-miR-483-5p,21.0,424.6346861088177,1676.7201120741483,0.0,0.0,0.0,55.0642723171047,7723.1260469892
hsa-miR-484,21.0,860.0157100870624,974.013951525646,0.0,190.516088481933,400.990467133513,1500.64506338335,3308.25130019523
hsa-miR-485-3p,21.0,71.33588652385176,175.7749210170241,0.0,0.0,0.0,38.2792741298913,772.31260469892
hsa-miR-485-5p,21.0,6.398261727174643,17.373712079199144,0.0,0.0,0.0,0.0,65.5141160166379
hsa-miR-487a-3p,21.0,1.8729344325545763,8.582863808870506,0.0,0.0,0.0,0.0,39.3316230836461
hsa-miR-487b-3p,21.0,115.95822785197394,328.81278253062004,0.0,0.0,0.0,73.7033805187177,1388.64869390911
hsa-miR-489-3p,21.0,0.14844354093716,0.6802537627718117,0.0,0.0,0.0,0.0,3.11731435968036
hsa-miR-489-5p,21.0,0.03711088523428995,0.17006344069295268,0.0,0.0,0.0,0.0,0.779328589920089
hsa-miR-491-5p,21.0,1.591232012434576,7.291941145218357,0.0,0.0,0.0,0.0,33.4158722611261
hsa-miR-493-3p,21.0,10.590701016628026,33.37471451238129,0.0,0.0,0.0,0.0,133.97745945462
hsa-miR-493-5p,21.0,67.4689340593156,153.75711296594054,0.0,0.0,0.0,57.3248515145581,634.261466152435
hsa-miR-494-3p,21.0,3.365667461369991,12.204337565913994,0.0,0.0,0.0,0.0,54.3004876846103
hsa-miR-494-5p,21.0,0.6679530688008667,3.060945498458017,0.0,0.0,0.0,0.0,14.0270144448182
hsa-miR-495-3p,21.0,54.4752446929221,241.18730308190183,0.0,0.0,0.0,0.0,1106.79065553285
hsa-miR-497-5p,21.0,0.6371333063447429,2.919711604102272,0.0,0.0,0.0,0.0,13.3797994332396
hsa-miR-4999-5p,21.0,0.17401776427252238,0.7974495770458159,0.0,0.0,0.0,0.0,3.65437304972297
hsa-miR-5001-3p,21.0,0.04253252681099038,0.19490852360910213,0.0,0.0,0.0,0.0,0.893183063030798
hsa-miR-5006-3p,21.0,5.698317890354857,26.1129730664722,0.0,0.0,0.0,0.0,119.664675697452
hsa-miR-500a-3p,21.0,34.21492465661042,78.33516692209702,0.0,0.0,0.0,4.78936002439828,280.126080168461
hsa-miR-501-3p,21.0,74.97923318270409,138.08449426015508,0.0,0.0,24.5677935062392,55.6931204352101,603.15567059011
hsa-miR-501-5p,21.0,0.6081727015108905,2.7869974402794395,0.0,0.0,0.0,0.0,12.7716267317287
hsa-miR-5010-5p,21.0,26.902944916205918,77.983784464478,0.0,0.0,0.0,0.0,338.537846439877
hsa-miR-502-3p,21.0,5.292477624271661,14.852130085166296,0.0,0.0,0.0,0.0,63.7987902164856
hsa-miR-503-5p,21.0,50.07315570584778,93.06423097314546,0.0,0.0,0.0,62.6656761898276,358.849906461235
hsa-miR-504-3p,21.0,0.9556999595171143,4.3795674061534084,0.0,0.0,0.0,0.0,20.0696991498594
hsa-miR-504-5p,21.0,41.786526067718405,105.4023294387539,0.0,0.0,0.0,0.0,365.832952798637
hsa-miR-505-3p,21.0,13.83227522054978,41.66883961383379,0.0,0.0,0.0,0.0,187.580632922918
hsa-miR-505-5p,21.0,29.59356615499276,73.17066580492693,0.0,0.0,0.0,6.97653036765295,301.577835295055
hsa-miR-508-3p,21.0,1.632878950308757,7.482791390489916,0.0,0.0,0.0,0.0,34.2904579564839
hsa-miR-5087,21.0,1.2759365970406096,5.84707603790296,0.0,0.0,0.0,0.0,26.7946685378528
hsa-miR-5088-5p,21.0,11.196355115990423,29.667441877376078,0.0,0.0,0.0,0.0,112.021295913478
hsa-miR-5089-3p,21.0,2.7472929095201764,12.589677714091676,0.0,0.0,0.0,0.0,57.6931510999237
hsa-miR-5089-5p,21.0,16.769452418248047,76.84728506958194,0.0,0.0,0.0,0.0,352.158500783209
hsa-miR-509-3-5p,21.0,4.444234122835009,15.417208967920965,0.0,0.0,0.0,0.0,66.8317445222522
hsa-miR-509-3p,21.0,65.13023875138826,123.21043532959642,0.0,0.0,0.0,90.4733505885166,458.114029833143
hsa-miR-5092,21.0,3.4539757310776906,13.441831384233295,0.0,0.0,0.0,0.0,61.1025250437156
hsa-miR-5093,21.0,4.058193349739686,18.596978209948514,0.0,0.0,0.0,0.0,85.2220603445334
hsa-miR-5094,21.0,0.6644314635859953,3.044807475993118,0.0,0.0,0.0,0.0,13.9530607353059
hsa-miR-511-5p,21.0,2.859743159456419,13.104989496341208,0.0,0.0,0.0,0.0,60.0546063485848
hsa-miR-5187-5p,21.0,24.628046642471947,40.01296008424968,0.0,0.0,0.0,40.9463225103986,114.225372256659
hsa-miR-5189-3p,21.0,9.267415914355253,30.90593634814807,0.0,0.0,0.0,0.0,128.688442175539
hsa-miR-5189-5p,21.0,4.5990340170565664,13.584721457838262,0.0,0.0,0.0,0.0,58.0713548849306
hsa-miR-518d-3p,21.0,3.944244643628219,18.074799638850436,0.0,0.0,0.0,0.0,82.8291375161926
hsa-miR-5193,21.0,6.923672421478481,17.498928897651165,0.0,0.0,0.0,0.0,68.5352233539955
hsa-miR-5194,21.0,26.67867430175824,122.25704442888022,0.0,0.0,0.0,0.0,560.252160336923
hsa-miR-5196-5p,21.0,0.3040863507554457,1.3934987201397218,0.0,0.0,0.0,0.0,6.38581336586436
hsa-miR-520g-5p,21.0,0.2807060513489343,1.2863567283386521,0.0,0.0,0.0,0.0,5.89482707832762
hsa-miR-523-3p,21.0,1.4318289879698047,6.561464719603645,0.0,0.0,0.0,0.0,30.0684087473659
hsa-miR-524-5p,21.0,1.1340243362019808,5.196752360567628,0.0,0.0,0.0,0.0,23.8145110602416
hsa-miR-526b-5p,21.0,50.76784943752918,220.04770089143605,0.0,0.0,0.0,0.0,1009.63014424866
hsa-miR-532-3p,21.0,24.977052246286046,58.56839048719111,0.0,0.0,0.0,0.0,187.580632922918
hsa-miR-532-5p,21.0,258.78074820614455,329.78278428140305,0.0,0.0,95.2580442409663,375.161265845836,1004.06478774209
hsa-miR-539-3p,21.0,1.336002794765032,5.377087961610287,0.0,0.0,0.0,0.0,24.5677935062392
hsa-miR-542-3p,21.0,6.736095789791572,17.075908225062882,0.0,0.0,0.0,0.0,65.5141160166379
hsa-miR-542-5p,21.0,34.104957082700075,115.5623863908038,0.0,0.0,0.0,0.0,508.452245455076
hsa-miR-543,21.0,30.717211881020926,109.5499037925992,0.0,0.0,0.0,0.0,490.111303732626
hsa-miR-545-3p,21.0,1.3648774170132905,6.254654077799211,0.0,0.0,0.0,0.0,28.6624257572791
hsa-miR-545-5p,21.0,1.9236165448693139,7.076960140724474,0.0,0.0,0.0,0.0,31.6752844826894
hsa-miR-548ac,21.0,40.73501669581039,186.67129744384104,0.0,0.0,0.0,0.0,855.435350612018
hsa-miR-548al,21.0,1.5598599051580428,7.148176088913369,0.0,0.0,0.0,0.0,32.7570580083189
hsa-miR-548ap-3p,21.0,0.22814302099262143,1.0454826629745868,0.0,0.0,0.0,0.0,4.79100344084505
hsa-miR-548ar-3p,21.0,2.5059955393881097,6.581335123802134,0.0,0.0,0.0,0.0,21.7641374917615
hsa-miR-548ar-5p,21.0,0.41250093987536995,1.890316781219311,0.0,0.0,0.0,0.0,8.66251973738277
hsa-miR-548as-5p,21.0,1.1422537225665905,5.234464146506488,0.0,0.0,0.0,0.0,23.9873281738984
hsa-miR-548ax,21.0,1.7238250058606475,7.899558574214112,0.0,0.0,0.0,0.0,36.2003251230736
hsa-miR-548e-3p,21.0,10.41941699614535,26.724553308733217,0.0,0.0,0.0,0.0,106.460438527036
hsa-miR-548e-5p,21.0,1.8639462559134885,7.214025412903703,0.0,0.0,0.0,0.0,32.7570580083189
hsa-miR-548f-3p,21.0,2.8268198095326,12.95411575318379,0.0,0.0,0.0,0.0,59.3632160001846
hsa-miR-548j-5p,21.0,22.563103876994454,37.790803468579476,0.0,0.0,0.0,38.3709170220912,122.527825933156
hsa-miR-548k,21.0,23.702644104831524,47.889233804264634,0.0,0.0,0.0,31.3943866544383,187.580632922918
hsa-miR-548l,21.0,6.560107578679975,24.84132423499737,0.0,0.0,0.0,0.0,112.219005688822
hsa-miR-548n,21.0,1.8245181045326713,8.360992320838319,0.0,0.0,0.0,0.0,38.3148801951861
hsa-miR-548o-3p,21.0,9.098518957464021,40.90245582489468,0.0,0.0,0.0,0.0,187.580632922918
hsa-miR-548p,21.0,0.21286044552881236,0.975449104097807,0.0,0.0,0.0,0.0,4.47006935610506
hsa-miR-550a-3-5p,21.0,728.180455858981,3336.942058561231,0.0,0.0,0.0,0.0,15291.7895730386
hsa-miR-550a-3p,21.0,9.956215759077708,18.80475178990604,0.0,0.0,0.0,15.9645334146609,76.5309994119615
hsa-miR-551a,21.0,5.698317890354857,26.1129730664722,0.0,0.0,0.0,0.0,119.664675697452
hsa-miR-551b-5p,21.0,11.842795209187372,29.06833337671376,0.0,0.0,0.0,0.0,101.803117740698
hsa-miR-552-5p,21.0,1.8435563850251668,8.26631418203573,0.0,0.0,0.0,0.0,37.9126421513784
hsa-miR-5571-5p,21.0,7.705613289513048,35.311556175251205,0.0,0.0,0.0,0.0,161.817879079774
hsa-miR-5580-5p,21.0,1.5658559794354467,6.255775228170177,0.0,0.0,0.0,0.0,28.5563430641647
hsa-miR-5581-3p,21.0,0.389964976289511,1.7870440222283437,0.0,0.0,0.0,0.0,8.18926450207973
hsa-miR-5586-3p,21.0,1.1638576198802952,5.333465641252594,0.0,0.0,0.0,0.0,24.4410100174862
hsa-miR-5588-5p,21.0,1.0721820358176477,3.5211834779911224,0.0,0.0,0.0,0.0,15.3629205824199
hsa-miR-559,21.0,0.07956765219743096,0.3646247890646468,0.0,0.0,0.0,0.0,1.67092069614605
hsa-miR-561-5p,21.0,10.878606881586572,49.852039490537976,0.0,0.0,0.0,0.0,228.450744513318
hsa-miR-564,21.0,1.5362712847114846,5.460921763667931,0.0,0.0,0.0,0.0,24.0550993329996
hsa-miR-5688,21.0,0.45353746312989046,2.078369755290966,0.0,0.0,0.0,0.0,9.5242867257277
hsa-miR-569,21.0,51.919538547060924,177.53638280502759,0.0,0.0,0.0,0.0,809.089395398868
hsa-miR-5695,21.0,8.70930690203119,39.91105812915928,0.0,0.0,0.0,0.0,182.895444942655
hsa-miR-5696,21.0,39.411808036016936,164.50615908936103,0.0,0.0,0.0,0.0,753.944588237638
hsa-miR-5698,21.0,4.051478039532822,12.729011340032626,0.0,0.0,0.0,0.0,54.3004876846103
hsa-miR-5701,21.0,1.5995063698887262,4.945110609148913,0.0,0.0,0.0,0.0,18.3142429725891
hsa-miR-5703,21.0,0.20302072498460952,0.9303578398867852,0.0,0.0,0.0,0.0,4.2634352246768
hsa-miR-5704,21.0,1.4360849299764524,6.580967896002449,0.0,0.0,0.0,0.0,30.1577835295055
hsa-miR-574-3p,21.0,138.6654680511028,221.0239548737923,0.0,0.0,76.3523383055238,146.513774904977,937.903164614591
hsa-miR-574-5p,21.0,0.9939263175792429,4.554742585515598,0.0,0.0,0.0,0.0,20.8724526691641
hsa-miR-576-3p,21.0,4.196773667128903,11.953632811364283,0.0,0.0,0.0,0.0,52.9084644134497
hsa-miR-576-5p,21.0,28.379355222325877,46.803430954155736,0.0,0.0,0.0,47.6290221204831,142.722928727069
hsa-miR-582-3p,21.0,107.35826111286308,331.61467880509264,0.0,0.0,0.0,6.38581336586436,1507.88917647528
hsa-miR-584-5p,21.0,327.8142938770975,410.5023358838992,0.0,0.0,187.580632922918,449.781471026224,1583.23050618708
hsa-miR-589-3p,21.0,2.859743159456414,13.104989496341187,0.0,0.0,0.0,0.0,60.0546063485847
hsa-miR-589-5p,21.0,205.80707382962248,505.7093463877324,0.0,0.0,59.0626345730643,187.580632922918,2321.89595166119
hsa-miR-590-3p,21.0,8.656834640046375,23.119158498274707,0.0,0.0,0.0,0.0,75.8483002578684
hsa-miR-591,21.0,4.989707079288714,22.865710386497554,0.0,0.0,0.0,0.0,104.783848665063
hsa-miR-592,21.0,8.274506785924501,35.1260628890934,0.0,0.0,0.0,0.0,161.103433824655
hsa-miR-593-3p,21.0,9.447211239272571,43.29256061020413,0.0,0.0,0.0,0.0,198.391436024724
hsa-miR-597-3p,21.0,1.1634608202817047,5.331647277056325,0.0,0.0,0.0,0.0,24.4326772259158
hsa-miR-598-3p,21.0,85.15499638615815,230.0206827254672,0.0,0.0,0.0,57.6703156540866,1015.61353931963
hsa-miR-598-5p,21.0,0.465081464894659,2.131271017200722,0.0,0.0,0.0,0.0,9.76671076278784
hsa-miR-601,21.0,5.1047158479810815,18.672022925239368,0.0,0.0,0.0,0.0,83.3845217473611
hsa-miR-605-3p,21.0,1.7949701354617855,8.22558651593877,0.0,0.0,0.0,0.0,37.6943728446975
hsa-miR-6068,21.0,24.635365212410665,92.83750875153379,0.0,0.0,0.0,0.0,418.826364941083
hsa-miR-607,21.0,0.47784997975855714,2.1897837030767042,0.0,0.0,0.0,0.0,10.0348495749297
hsa-miR-6071,21.0,3.089109655993062,14.156078828607201,0.0,0.0,0.0,0.0,64.8713027758543
hsa-miR-6072,21.0,0.6527164128951952,2.991122369432282,0.0,0.0,0.0,0.0,13.7070446707991
hsa-miR-6073,21.0,0.7179880541847142,3.290234606375509,0.0,0.0,0.0,0.0,15.077749137879
hsa-miR-6077,21.0,0.19451635102243825,0.7552664003616287,0.0,0.0,0.0,0.0,3.4316917913477
hsa-miR-6082,21.0,250.75001162190736,1104.6065391184788,0.0,0.0,0.0,0.0,5070.43549000754
hsa-miR-6087,21.0,11871.881142598135,18832.14090333702,0.0,101.369188899527,2296.2622193399,14653.7065048124,70548.5089985592
hsa-miR-6089,21.0,92.14878300682237,422.27877332682397,0.0,0.0,0.0,0.0,1935.12444314327
hsa-miR-610,21.0,2.279327156141952,10.445189226588926,0.0,0.0,0.0,0.0,47.865870278981
hsa-miR-6125,21.0,32.171697306941056,85.79687237500586,0.0,0.0,0.0,0.0,324.844490151854
hsa-miR-6127,21.0,6.738123062464857,30.877958975672858,0.0,0.0,0.0,0.0,141.500584311762
hsa-miR-6129,21.0,0.30707986204877813,1.407216712235123,0.0,0.0,0.0,0.0,6.44867710302434
hsa-miR-6134,21.0,0.05809649753906666,0.26623159758458864,0.0,0.0,0.0,0.0,1.2200264483204
hsa-miR-615-5p,21.0,0.5443316813769477,2.4944411330724465,0.0,0.0,0.0,0.0,11.4309653089159
hsa-miR-616-5p,21.0,0.41526966474124716,1.9030046724956993,0.0,0.0,0.0,0.0,8.72066295956619
hsa-miR-618,21.0,0.794428923852819,3.6405306778178512,0.0,0.0,0.0,0.0,16.6830074009092
hsa-miR-624-5p,21.0,0.9849321446881928,3.287728179576469,0.0,0.0,0.0,0.0,13.7070446707991
hsa-miR-625-3p,21.0,108.5331162184208,146.26600823636176,0.0,0.0,57.1126861283296,224.100864134769,524.112928133103
hsa-miR-625-5p,21.0,113.70135984786941,153.231056247617,0.0,0.0,59.8323378487261,234.772333855473,549.070686615631
hsa-miR-627-3p,21.0,5.333821764854496,23.650287254302807,0.0,0.0,0.0,0.0,108.498059710719
hsa-miR-627-5p,21.0,0.4983235976894952,2.283605606994833,0.0,0.0,0.0,0.0,10.4647955514794
hsa-miR-628-3p,21.0,11.092094196980227,30.80350832279712,0.0,0.0,0.0,0.0,128.688442175539
hsa-miR-628-5p,21.0,20.309521333086444,64.42906959780969,0.0,0.0,0.0,0.0,280.126080168461
hsa-miR-629-3p,21.0,5.439303440793286,24.926019745268988,0.0,0.0,0.0,0.0,114.225372256659
hsa-miR-629-5p,21.0,205.05726837629285,206.4312078089611,0.0,0.0,180.139713112438,354.235187582963,669.910870732879
hsa-miR-636,21.0,0.01599758627887343,0.07331015005952442,0.0,0.0,0.0,0.0,0.335949311856342
hsa-miR-638,21.0,0.09492348473029667,0.4349940540055693,0.0,0.0,0.0,0.0,1.99339317933623
hsa-miR-640,21.0,1.679468112349719,7.696289752107187,0.0,0.0,0.0,0.0,35.2688303593441
hsa-miR-641,21.0,4.514656279973538,15.758420460192928,0.0,0.0,0.0,0.0,70.1786692381342
hsa-miR-647,21.0,1.4070099397796922,4.9036866046409076,0.0,0.0,0.0,0.0,21.330177050432
hsa-miR-6499-5p,21.0,2.8125064082411573,12.888523508313476,0.0,0.0,0.0,0.0,59.0626345730643
hsa-miR-6503-5p,21.0,1.8394657402790426,8.429490993106693,0.0,0.0,0.0,0.0,38.6287805458599
hsa-miR-6508-3p,21.0,2.2582459333067026,6.420159024615632,0.0,0.0,0.0,0.0,25.4507794351746
hsa-miR-6509-5p,21.0,13.135507269272145,60.194456353082295,0.0,0.0,0.0,0.0,275.845652654715
hsa-miR-651-5p,21.0,1.2928687543954858,5.9246689306605855,0.0,0.0,0.0,0.0,27.1502438423052
hsa-miR-6510-3p,21.0,92.83446238490927,205.62923202055592,0.0,0.0,0.0,63.6822790620416,837.118024994126
hsa-miR-6511a-3p,21.0,13.92991324709482,29.453427572738665,0.0,0.0,0.0,0.0,111.373997228284
hsa-miR-6511b-3p,21.0,3.0540846532394763,13.99557410227286,0.0,0.0,0.0,0.0,64.135777718029
hsa-miR-6512-5p,21.0,3.100402961252171,14.207831254803313,0.0,0.0,0.0,0.0,65.1084621862956
hsa-miR-6513-3p,21.0,0.933073685890719,4.275880794565669,0.0,0.0,0.0,0.0,19.5945474037051
hsa-miR-6513-5p,21.0,0.5566275573340571,2.550787915381689,0.0,0.0,0.0,0.0,11.6891787040152
hsa-miR-6514-5p,21.0,4.594234576111009,20.364529965067526,0.0,0.0,0.0,0.0,93.4248414450917
hsa-miR-6516-3p,21.0,2.667867430175824,12.225704442888023,0.0,0.0,0.0,0.0,56.0252160336923
hsa-miR-652-3p,21.0,93.58991508355658,152.27929860909396,0.0,0.0,0.0,132.73452545127,614.898816181747
hsa-miR-653-3p,21.0,0.054595096680531426,0.25018616311196756,0.0,0.0,0.0,0.0,1.14649703029116
hsa-miR-653-5p,21.0,1.243020167529919,3.959205638023477,0.0,0.0,0.0,0.0,14.673270865967
hsa-miR-654-3p,21.0,154.05551436814213,272.2105778236842,0.0,0.0,0.0,280.975788098032,857.694781532095
hsa-miR-654-5p,21.0,8.502543297820713,20.946333168022708,0.0,0.0,0.0,0.0,82.9384272814312
hsa-miR-658,21.0,4.403660065666248,20.180105585769784,0.0,0.0,0.0,0.0,92.4768613789912
hsa-miR-659-5p,21.0,4.536097344807919,20.78700944227049,0.0,0.0,0.0,0.0,95.2580442409663
hsa-miR-660-5p,21.0,25.248427085251574,56.504467015356404,0.0,0.0,0.0,0.0,208.151869457673
hsa-miR-663a,21.0,0.7679454758008296,2.4621792520185317,0.0,0.0,0.0,0.0,9.40382906777435
hsa-miR-663b,21.0,1.0878606881586572,4.985203949053797,0.0,0.0,0.0,0.0,22.8450744513318
hsa-miR-664a-3p,21.0,8.125397994692348,17.49646569019769,0.0,0.0,0.0,0.0,52.6701735207088
hsa-miR-664a-5p,21.0,71.34852565980717,203.3948126639707,0.0,0.0,0.0,25.5806113480608,908.726081767847
hsa-miR-664b-3p,21.0,5.411756448040528,24.43646734375497,0.0,0.0,0.0,0.0,112.050432067385
hsa-miR-664b-5p,21.0,285.9571000687769,665.2721672396139,0.0,0.0,0.0,51.3564480308846,2579.23370269013
hsa-miR-670-5p,21.0,0.704317001566419,3.2275859729224456,0.0,0.0,0.0,0.0,14.7906570328948
hsa-miR-671-3p,21.0,45.214253848326315,96.79914418208212,0.0,0.0,0.0,46.8292980163386,352.158500783209
hsa-miR-671-5p,21.0,40.2517273944501,141.02650418448812,0.0,0.0,0.0,0.0,643.072044908468
hsa-miR-6715b-3p,21.0,0.3201440916210986,1.4670845331465623,0.0,0.0,0.0,0.0,6.72302592404307
hsa-miR-6719-3p,21.0,0.6059709389327286,2.7769076966026915,0.0,0.0,0.0,0.0,12.7253897175873
hsa-miR-6721-5p,21.0,9.830047642954085,29.23601692494411,0.0,0.0,0.0,0.0,121.192392803333
hsa-miR-6723-5p,21.0,202.2605088332261,362.5808107597125,0.0,0.0,0.0,280.126080168461,1092.65873960169
hsa-miR-6726-5p,21.0,5.527335555891745,12.623686337783154,0.0,0.0,0.0,0.0,44.9073637135984
hsa-miR-6729-3p,21.0,0.7334821847793667,3.361237632653034,0.0,0.0,0.0,0.0,15.4031258803667
hsa-miR-6730-3p,21.0,1.3399472277027327,5.2000638047140075,0.0,0.0,0.0,0.0,23.6250538292257
hsa-miR-6730-5p,21.0,4.338875721120619,19.883226423041343,0.0,0.0,0.0,0.0,91.116390143533
hsa-miR-6733-3p,21.0,7.248876926970387,19.80969968771593,0.0,0.0,0.0,0.0,70.2051786055922
hsa-miR-6740-5p,21.0,5.439303440793286,24.926019745268988,0.0,0.0,0.0,0.0,114.225372256659
hsa-miR-6741-3p,21.0,11.287820184098592,44.64060022580552,0.0,0.0,0.0,0.0,204.52444003496
hsa-miR-6741-5p,21.0,0.4561295261331686,2.0902480802095833,0.0,0.0,0.0,0.0,9.57872004879654
hsa-miR-6743-3p,21.0,11.232597423093647,30.628941685550686,0.0,0.0,0.0,0.0,114.722004309949
hsa-miR-6744-3p,21.0,1.3915688933351333,6.376969788454177,0.0,0.0,0.0,0.0,29.2229467600378
hsa-miR-6745,21.0,2.9464352848240716,13.502262722995077,0.0,0.0,0.0,0.0,61.8751409813055
hsa-miR-6747-3p,21.0,9.504203960549953,43.55373406951925,0.0,0.0,0.0,0.0,199.588283171549
hsa-miR-6749-3p,21.0,6.265786899389705,24.780224010703783,0.0,0.0,0.0,0.0,113.272515355842
hsa-miR-675-3p,21.0,16.23095706921898,55.87605211842513,0.0,0.0,0.0,0.0,251.29581896465
hsa-miR-6750-5p,21.0,4.9860281540605245,22.848851433163297,0.0,0.0,0.0,0.0,104.706591235271
hsa-miR-6751-5p,21.0,0.19707228796594858,0.9030986769820943,0.0,0.0,0.0,0.0,4.13851804728492
hsa-miR-6758-3p,21.0,0.36543730497229765,1.674644111796216,0.0,0.0,0.0,0.0,7.67418340441825
hsa-miR-676-3p,21.0,2.708867866352443,12.413592045193589,0.0,0.0,0.0,0.0,56.8862251934013
hsa-miR-6761-3p,21.0,0.964883016091538,4.421649458016767,0.0,0.0,0.0,0.0,20.2625433379223
hsa-miR-6761-5p,21.0,0.933073685890719,4.275880794565669,0.0,0.0,0.0,0.0,19.5945474037051
hsa-miR-6762-5p,21.0,0.0794428923852819,0.3640530677817852,0.0,0.0,0.0,0.0,1.66830074009092
hsa-miR-6765-5p,21.0,193.15196898308326,777.7841815228464,0.0,0.0,5.09700577732876,25.9875592121483,3581.67693555171
hsa-miR-6769b-3p,21.0,0.5892870569648143,2.7004525445990155,0.0,0.0,0.0,0.0,12.3750281962611
hsa-miR-6772-3p,21.0,0.47665735431169043,2.1843184066907066,0.0,0.0,0.0,0.0,10.0098044405455
hsa-miR-6772-5p,21.0,4.882197397221762,22.373039130485115,0.0,0.0,0.0,0.0,102.526145341657
hsa-miR-6773-5p,21.0,0.7376088725905048,3.380148491917026,0.0,0.0,0.0,0.0,15.4897863244006
hsa-miR-6774-3p,21.0,3.8595859239142234,13.722734325996635,0.0,0.0,0.0,0.0,61.8751409813055
hsa-miR-6777-3p,21.0,6.531389742331067,27.408088697105658,0.0,0.0,0.0,0.0,125.647909482325
hsa-miR-6780a-5p,21.0,8.544045391934143,39.15373474967685,0.0,0.0,0.0,0.0,179.424953230617
hsa-miR-6781-5p,21.0,52.32184836537183,129.87754906458977,0.0,0.0,0.0,2.83114572786185,404.544697699434
hsa-miR-6782-3p,21.0,0.14543260253521334,0.6664559096320417,0.0,0.0,0.0,0.0,3.05408465323948
hsa-miR-6782-5p,21.0,0.1336736556916843,0.6125696456286078,0.0,0.0,0.0,0.0,2.80714676952537
hsa-miR-6785-5p,21.0,1.7949701354617855,8.22558651593877,0.0,0.0,0.0,0.0,37.6943728446975
hsa-miR-6786-5p,21.0,2.7949087363746763,12.807880844930331,0.0,0.0,0.0,0.0,58.6930834638682
hsa-miR-6787-3p,21.0,0.1661078658964986,0.7612018689982784,0.0,0.0,0.0,0.0,3.48826518382647
hsa-miR-6787-5p,21.0,0.4904809763467947,1.6586193969398517,0.0,0.0,0.0,0.0,7.0243947024508
hsa-miR-6789-5p,21.0,3.2910279645293716,15.081384761672288,0.0,0.0,0.0,0.0,69.1115872551168
hsa-miR-6790-3p,21.0,0.5093749377417713,2.334249209315086,0.0,0.0,0.0,0.0,10.6968736925772
hsa-miR-6790-5p,21.0,0.07102890722171715,0.32549534387351436,0.0,0.0,0.0,0.0,1.49160705165606
hsa-miR-6793-5p,21.0,20.677328591376206,82.23617814641275,0.0,0.0,0.0,0.0,375.161265845836
hsa-miR-6794-3p,21.0,3.093757049065276,14.177375859144837,0.0,0.0,0.0,0.0,64.9688980303708
hsa-miR-6796-3p,21.0,1.4732176424120333,6.751131361497528,0.0,0.0,0.0,0.0,30.9375704906527
hsa-miR-6797-3p,21.0,0.3745868865109162,1.7165727617741062,0.0,0.0,0.0,0.0,7.86632461672924
hsa-miR-6798-5p,21.0,0.51718628491144,1.7625413933177756,0.0,0.0,0.0,0.0,7.5243105029584
hsa-miR-6799-5p,21.0,3.7924150128934193,17.37902886327102,0.0,0.0,0.0,0.0,79.6407152707618
hsa-miR-6800-5p,21.0,1.0441065856351333,4.784697462274891,0.0,0.0,0.0,0.0,21.9262382983378
hsa-miR-6802-3p,21.0,0.025847339814212906,0.11844739121187645,0.0,0.0,0.0,0.0,0.542794136098471
hsa-miR-6802-5p,21.0,13.547206033350427,44.396154104470725,0.0,0.0,0.0,0.0,179.707478035296
hsa-miR-6803-3p,21.0,5.183576887445448,18.923032852749508,0.0,0.0,0.0,0.0,84.4372583495691
hsa-miR-6804-3p,21.0,0.15204317537772286,0.6967493600698609,0.0,0.0,0.0,0.0,3.19290668293218
hsa-miR-6805-3p,21.0,4.573897409042881,14.552577761094836,0.0,0.0,0.0,0.0,53.5893370757057
hsa-miR-6805-5p,21.0,0.9460378184755224,3.616831954204435,0.0,0.0,0.0,0.0,16.3785290041595
hsa-miR-6810-5p,21.0,4.65790650183139,21.345209124669307,0.0,0.0,0.0,0.0,97.8160365384592
hsa-miR-6816-3p,21.0,0.7433221907355334,3.4063302047859843,0.0,0.0,0.0,0.0,15.6097660054462
hsa-miR-6817-3p,21.0,0.38467084733926044,1.7627832755749633,0.0,0.0,0.0,0.0,8.07808779412447
hsa-miR-6818-3p,21.0,0.6350536282731095,2.9101813219178725,0.0,0.0,0.0,0.0,13.3361261937353
hsa-miR-6819-3p,21.0,0.4276771918381381,1.6182379081276732,0.0,0.0,0.0,0.0,7.30874609944595
hsa-miR-6820-5p,21.0,12.873224417277982,42.767945710841175,0.0,0.0,0.0,0.0,186.849134192957
hsa-miR-6821-5p,21.0,8.544045391934143,39.15373474967685,0.0,0.0,0.0,0.0,179.424953230617
hsa-miR-6823-5p,21.0,1.6670049654076524,7.639176437847808,0.0,0.0,0.0,0.0,35.0071042735607
hsa-miR-6827-3p,21.0,0.34803552854504527,1.594899154091634,0.0,0.0,0.0,0.0,7.30874609944595
hsa-miR-6835-3p,21.0,0.7792785802676763,3.5711030815343467,0.0,0.0,0.0,0.0,16.3648501856212
hsa-miR-6837-3p,21.0,30.313416358782103,90.3205805373771,0.0,0.0,0.0,0.0,358.849906461235
hsa-miR-6839-5p,21.0,5.865974260207987,26.30189381216239,0.0,0.0,0.0,0.0,120.631134118022
hsa-miR-6840-5p,21.0,0.2791295294720329,1.279132197502998,0.0,0.0,0.0,0.0,5.86172011891269
hsa-miR-6842-3p,21.0,46.15650988096932,122.38688870581316,0.0,0.0,0.0,25.5432534634575,526.614427795364
hsa-miR-6843-3p,21.0,0.8700888213626143,3.987247885229091,0.0,0.0,0.0,0.0,18.2718652486149
hsa-miR-6845-3p,21.0,18.765010384674476,85.99208050440316,0.0,0.0,0.0,0.0,394.065218078164
hsa-miR-6847-5p,21.0,3.224704501267886,14.777452470924905,0.0,0.0,0.0,0.0,67.7187945266256
hsa-miR-6849-5p,21.0,0.9089970465381827,3.971683780307948,0.0,0.0,0.0,0.0,18.2232780287066
hsa-miR-6850-3p,21.0,7.020774524315357,23.528982125623646,0.0,0.0,0.0,0.0,98.6043802192985
hsa-miR-6850-5p,21.0,7.234273576255095,33.15160626120787,0.0,0.0,0.0,0.0,151.919745101357
hsa-miR-6851-5p,21.0,1.1592487527408715,5.312345158718189,0.0,0.0,0.0,0.0,24.3442238075583
hsa-miR-6852-3p,21.0,0.41172487694311,1.301763525786759,0.0,0.0,0.0,0.0,4.51422553201073
hsa-miR-6852-5p,21.0,34.75548539035209,70.44052845271652,0.0,0.0,0.0,40.1981035469527,271.950079606925
hsa-miR-6853-3p,21.0,9.635344408011704,27.136898165871035,0.0,0.0,0.0,0.0,99.5206856473683
hsa-miR-6854-3p,21.0,0.6987271840936666,3.201970211232572,0.0,0.0,0.0,0.0,14.673270865967
hsa-miR-6854-5p,21.0,6.032826245677286,27.64588292533242,0.0,0.0,0.0,0.0,126.689351159223
hsa-miR-6859-5p,21.0,6.3926743361268095,21.901556231865563,0.0,0.0,0.0,0.0,93.9627844824343
hsa-miR-6862-5p,21.0,0.1661078658964986,0.7612018689982784,0.0,0.0,0.0,0.0,3.48826518382647
hsa-miR-6864-3p,21.0,0.5892870569648143,2.7004525445990155,0.0,0.0,0.0,0.0,12.3750281962611
hsa-miR-6865-3p,21.0,4.752101980274967,21.77686703475958,0.0,0.0,0.0,0.0,99.7941415857743
hsa-miR-6867-5p,21.0,1.791502500704381,8.209695817180506,0.0,0.0,0.0,0.0,37.621552514792
hsa-miR-6869-3p,21.0,4.957580794808396,13.671826983244557,0.0,0.0,0.0,0.0,55.9917147573842
hsa-miR-6870-3p,21.0,0.5335734860351666,2.445140888577614,0.0,0.0,0.0,0.0,11.2050432067385
hsa-miR-6871-5p,21.0,1.8133633233282094,6.469631942552488,0.0,0.0,0.0,0.0,28.5563430641647
hsa-miR-6873-3p,21.0,18.852644232058914,81.52601421478232,0.0,0.0,0.0,0.0,374.053718528485
hsa-miR-6873-5p,21.0,4.7264060236208145,12.460878491466781,0.0,0.0,0.0,0.0,42.2208969413077
hsa-miR-6874-3p,21.0,3.827809791121833,17.5412281137089,0.0,0.0,0.0,0.0,80.3840056135585
hsa-miR-6880-3p,21.0,19.104191069934352,83.70801372085467,0.0,0.0,0.0,0.0,384.073014560498
hsa-miR-6881-3p,21.0,4.120455751620076,18.882300379515165,0.0,0.0,0.0,0.0,86.5295707840216
hsa-miR-6882-3p,21.0,0.3423763202058976,1.5689654035039642,0.0,0.0,0.0,0.0,7.18990272432385
hsa-miR-6882-5p,21.0,12.3840499691666,51.55617771615951,0.0,0.0,0.0,0.0,236.250538292257
hsa-miR-6884-3p,21.0,0.30622478328974667,1.403298249096712,0.0,0.0,0.0,0.0,6.43072044908468
hsa-miR-6885-5p,21.0,2.9408204252170527,13.476532203829361,0.0,0.0,0.0,0.0,61.7572289295581
hsa-miR-6886-5p,21.0,0.736608821206019,3.3755656807487746,0.0,0.0,0.0,0.0,15.4687852453264
hsa-miR-6887-3p,21.0,13.279050738752833,51.65209573083814,0.0,0.0,0.0,0.0,234.772333855473
hsa-miR-6891-5p,21.0,11.315644317682242,51.58704452256688,0.0,0.0,0.0,0.0,236.457207941179
hsa-miR-6892-5p,21.0,3.6821230063159427,9.272288904312644,0.0,0.0,0.0,0.0,28.4431125967007
hsa-miR-6895-3p,21.0,2.809060878456433,9.426834130083211,0.0,0.0,0.0,0.0,39.5719651639531
hsa-miR-7-1-3p,21.0,11.22332585428899,30.64020028125574,0.0,0.0,0.0,0.0,117.651056649989
hsa-miR-7-5p,21.0,97.04743099539246,117.77132653378834,0.0,0.0,51.6891381457086,173.131989719047,442.627331769545
hsa-miR-708-3p,21.0,1.7580485620270023,4.924712124828873,0.0,0.0,0.0,0.0,19.0880845763809
hsa-miR-708-5p,21.0,42.883261215432626,95.20374273194078,0.0,0.0,0.0,0.0,324.957250539357
hsa-miR-7111-3p,21.0,0.4557323514161629,1.6796793227596762,0.0,0.0,0.0,0.0,7.52306325421949
hsa-miR-7112-5p,21.0,0.044092520859539616,0.20205731442025962,0.0,0.0,0.0,0.0,0.925942938050332
hsa-miR-7152-5p,21.0,0.14543302534385524,0.6664578471846476,0.0,0.0,0.0,0.0,3.05409353222096
hsa-miR-7153-3p,21.0,0.5843763314901048,2.677948773394011,0.0,0.0,0.0,0.0,12.2719029612922
hsa-miR-7153-5p,21.0,2.601405993422881,11.921139878172145,0.0,0.0,0.0,0.0,54.6295258618805
hsa-miR-7157-5p,21.0,66.93230491968764,143.98190476871534,0.0,1.03838878210142,5.5615787618472,49.6148906749622,635.311064387112
hsa-miR-7159-5p,21.0,3.988822523248414,18.279081146530604,0.0,0.0,0.0,0.0,83.7652729882167
hsa-miR-7161-3p,21.0,15.197135461425145,37.88534332290032,0.0,0.0,0.0,0.0,160.350483579008
hsa-miR-7161-5p,21.0,8.677751442241238,39.766452846082686,0.0,0.0,0.0,0.0,182.232780287066
hsa-miR-7162-3p,21.0,1.2596281652363428,5.772341414693883,0.0,0.0,0.0,0.0,26.4521914699632
hsa-miR-718,21.0,1.424579472588719,6.528243266618072,0.0,0.0,0.0,0.0,29.9161689243631
hsa-miR-744-3p,21.0,13.608292034423764,62.36102832681151,0.0,0.0,0.0,0.0,285.774132722899
hsa-miR-744-5p,21.0,2203.6943284777435,1649.744617224702,0.0,1013.60910344606,1797.07478035296,2971.6099854167,6031.5567059011
hsa-miR-758-3p,21.0,12.524857480839232,51.762544739217994,0.0,0.0,0.0,0.0,237.848049807163
hsa-miR-760,21.0,35.15555134436239,91.62417687250503,0.0,0.0,0.0,13.7161831825936,386.219928496394
hsa-miR-7641,21.0,3.4207619675754573,13.02760915866037,0.0,0.0,0.0,0.0,58.9386471130359
hsa-miR-766-3p,21.0,103.3989642388788,221.39947861952152,0.0,0.0,0.0,140.487894049016,949.590650981963
hsa-miR-766-5p,21.0,15.416345188080486,34.73084959562627,0.0,0.0,0.0,0.0,114.225372256659
hsa-miR-767-5p,21.0,8.233397781904266,32.11828935696562,0.0,0.0,0.0,0.0,146.06534284535
hsa-miR-769-3p,21.0,2.690223520926324,12.328152920995496,0.0,0.0,0.0,0.0,56.4946939394528
hsa-miR-769-5p,21.0,337.1353987301347,331.4533010265693,0.0,95.1392199228653,237.488670560312,571.126861283295,1206.31134118022
hsa-miR-7703,21.0,3.7153340143629285,12.607329060977717,0.0,0.0,0.0,0.0,53.5893370757057
hsa-miR-7704,21.0,2954.80167432272,4584.76712671922,0.0,22.1616850225687,561.034907963118,3692.37666911428,14308.1072028431
hsa-miR-7705,21.0,15.186921629931087,63.72393483758864,0.0,0.0,0.0,0.0,292.1306856907
hsa-miR-7706,21.0,71.93360978301509,160.63783439779627,0.0,0.0,0.0,69.9896434467302,687.7956540507
hsa-miR-7844-5p,21.0,7.355358139989715,33.70648544001246,0.0,0.0,0.0,0.0,154.462520939784
hsa-miR-7847-3p,21.0,1.4637714594016238,5.3577769175430765,0.0,0.0,0.0,0.0,23.9329351394905
hsa-miR-7848-3p,21.0,6.8189072178065055,17.321185576322183,0.0,0.0,0.0,0.0,56.4946939394528
hsa-miR-7849-3p,21.0,3.5497060228130004,10.011673796558195,0.0,0.0,0.0,0.0,40.8426086443855
hsa-miR-7850-5p,21.0,0.6960710570900905,3.189798308183268,0.0,0.0,0.0,0.0,14.6174921988919
hsa-miR-7851-3p,21.0,0.964883016091538,4.421649458016767,0.0,0.0,0.0,0.0,20.2625433379223
hsa-miR-7854-3p,21.0,14.127782735659153,36.781414619054324,0.0,0.0,0.0,0.0,123.750281962611
hsa-miR-7976,21.0,7.739001118992237,35.46455843112987,0.0,0.0,0.0,0.0,162.519023498837
hsa-miR-7978,21.0,0.7315676467819,3.3524641173587737,0.0,0.0,0.0,0.0,15.3629205824199
hsa-miR-8052,21.0,29.070297847531897,127.8797571350912,0.0,0.0,0.0,0.634261466152435,586.957579571179
hsa-miR-8061,21.0,1.9410376853522713,6.130434399326986,0.0,0.0,0.0,0.0,20.4187965238308
hsa-miR-8065,21.0,0.6445327185552666,2.953619970655178,0.0,0.0,0.0,0.0,13.5351870896606
hsa-miR-8072,21.0,3.093757049065276,14.177375859144837,0.0,0.0,0.0,0.0,64.9688980303708
hsa-miR-8079,21.0,2.494853539644357,11.432855193248777,0.0,0.0,0.0,0.0,52.3919243325315
hsa-miR-8081,21.0,0.01599758627887343,0.07331015005952442,0.0,0.0,0.0,0.0,0.335949311856342
hsa-miR-8085,21.0,14.732176424120334,67.51131361497528,0.0,0.0,0.0,0.0,309.375704906527
hsa-miR-873-3p,21.0,8.58402558082744,27.419980896452262,0.0,0.0,0.0,0.0,114.225372256659
hsa-miR-873-5p,21.0,11.872327699133942,24.291958482957682,0.0,0.0,0.0,12.8688442175539,85.3293377901019
hsa-miR-874-3p,21.0,11.713093867706768,32.910627245568804,0.0,0.0,0.0,0.0,122.205050087431
hsa-miR-877-3p,21.0,2.376050990137481,10.88843351737978,0.0,0.0,0.0,0.0,49.8970707928871
hsa-miR-877-5p,21.0,49.836405812383525,130.47125939533925,0.0,0.0,0.0,0.0,467.259682233717
hsa-miR-885-3p,21.0,49.84310546096026,159.85062468170418,0.0,0.0,0.0,19.1574400975931,733.230300524587
hsa-miR-885-5p,21.0,74.0407946051602,194.42674044523008,0.0,0.0,0.0,9.57872004879654,794.332825568302
hsa-miR-887-3p,21.0,0.9403884333038881,3.1081786212351465,0.0,0.0,0.0,0.0,12.7716267317287
hsa-miR-889-3p,21.0,7.443213494020934,21.028947053670105,0.0,0.0,0.0,0.0,73.5205106304263
hsa-miR-889-5p,21.0,4.7390802689223,21.717194056808115,0.0,0.0,0.0,0.0,99.5206856473683
hsa-miR-9-5p,21.0,334.06620540324894,933.8521704755061,0.0,0.0,0.0,0.0,3739.73560833776
hsa-miR-924,21.0,15.796934229741002,72.39064685602706,0.0,0.0,0.0,0.0,331.735618824561
hsa-miR-92a-1-5p,21.0,57.22484799257749,164.0956362878668,0.0,0.0,0.0,24.4326772259158,738.733795798967
hsa-miR-92a-2-5p,21.0,0.4309562514651614,1.974889643553526,0.0,0.0,0.0,0.0,9.05008128076839
hsa-miR-92a-3p,21.0,31426.56467779035,20215.299672968194,1820.09752404026,18122.0463609928,31401.7347332247,43342.4101296397,71124.0117547724
hsa-miR-92b-3p,21.0,1473.3774817721617,1355.0274368203195,0.0,895.958046796071,1044.13122401517,1523.42030897945,6162.77376370615
hsa-miR-92b-5p,21.0,30.049512620551756,64.27580715382099,0.0,0.0,0.0,36.2003251230736,280.126080168461
hsa-miR-93-3p,21.0,27.224489672836302,66.65952185360267,0.0,0.0,0.0,15.9645334146609,285.898260510699
hsa-miR-93-5p,21.0,2660.633804944373,1718.6028561352384,0.0,990.853255742958,2561.4595142592,3782.93397536119,5467.02152527795
hsa-miR-935,21.0,63.869370645039474,160.5146855305078,0.0,0.0,0.0,32.8019004516719,710.183836204446
hsa-miR-937-3p,21.0,16.782437092139737,58.91045272906635,0.0,0.0,0.0,0.0,263.307213897682
hsa-miR-939-5p,21.0,0.7649556031030587,2.512264336133842,0.0,0.0,0.0,0.0,10.2104054131219
hsa-miR-940,21.0,5.938687453090604,18.799128549241182,0.0,0.0,0.0,0.0,66.3672627256349
hsa-miR-941,21.0,353.2446585478025,706.1810168656452,0.0,0.0,51.9724071462187,164.396405764665,2908.82921646931
hsa-miR-942-5p,21.0,17.1038203757692,43.23546863173025,0.0,0.0,0.0,0.0,156.971933272191
hsa-miR-944,21.0,15.289302528272483,45.27998787676209,0.0,0.0,0.0,0.0,194.832147480023
hsa-miR-95-3p,21.0,56.52345920653794,143.44350195031473,0.0,0.0,0.0,22.2772481740841,560.252160336923
hsa-miR-96-5p,21.0,72.57777754530665,107.715962401164,0.0,0.0,26.6928118414548,95.2225943454762,375.12535952994
hsa-miR-98-3p,21.0,17.146026575258425,31.646182706416212,0.0,0.0,0.0,14.3680800731948,98.2711740249568
hsa-miR-98-5p,21.0,1880.848279810879,1176.8949457909337,0.0,1063.12742231516,1736.78169704446,2899.82521375137,3830.48621165631
hsa-miR-99a-3p,21.0,0.9966471953789904,4.567211213989666,0.0,0.0,0.0,0.0,20.9295911029588
hsa-miR-99a-5p,21.0,721.7804449479697,1268.761225804308,0.0,0.0,143.396460545296,531.563711157579,4616.83274390699
hsa-miR-99b-3p,21.0,45.02691568335432,97.8419385346236,0.0,0.0,0.0,35.8491151363241,408.426086443855
hsa-miR-99b-5p,21.0,3472.4392535939537,6156.419799318333,0.0,342.676116769977,732.568874524884,2606.4234088613,22350.9210233074
