ID,adj.P.Val,P.Value,logFC,Gene.symbol,Gene.title
211333_s_at,1.02e-06,7.46e-11,2.12,FASLG,Fas ligand
210865_at,1.95e-05,6.41e-09,2.03,FASLG,Fas ligand
223125_s_at,2.55e-05,1.17e-08,1.41,C1orf21,chromosome 1 open reading frame 21
230464_at,2.92e-05,1.49e-08,1.37,S1PR5,sphingosine-1-phosphate receptor 5
233743_x_at,5.37e-05,3.54e-08,1.48,S1PR5,sphingosine-1-phosphate receptor 5
221417_x_at,5.74e-05,4.08e-08,1.56,S1PR5,sphingosine-1-phosphate receptor 5
1553176_at,6.62e-05,5.33e-08,1.52,SH2D1B,SH2 domain containing 1B
219383_at,8.77e-05,8.34e-08,1.23,PRR5L,proline rich 5 like
220684_at,9.68e-05,9.61e-08,1.16,TBX21,T-box 21
223126_s_at,0.0001,1.06e-07,1.45,C1orf21,chromosome 1 open reading frame 21
1553177_at,0.000105,1.18e-07,1.35,SH2D1B,SH2 domain containing 1B
227803_at,0.000105,1.19e-07,1.78,ENPP5,ectonucleotide pyrophosphatase/phosphodiesterase 5 (putative)
218272_at,0.000105,1.28e-07,1.16,TTC38,tetratricopeptide repeat domain 38
204256_at,0.000105,1.32e-07,1.61,ELOVL6,ELOVL fatty acid elongase 6
219566_at,0.000109,1.42e-07,1.13,PLEKHF1,pleckstrin homology and FYVE domain containing 1
225688_s_at,0.000111,1.48e-07,1.14,PHLDB2,pleckstrin homology like domain family B member 2
206098_at,0.000164,2.76e-07,1.18,ZBTB6,zinc finger and BTB domain containing 6
1553681_a_at,0.00017,2.96e-07,1.11,PRF1,perforin 1
1568934_at,0.000172,3.11e-07,1.31,CX3CR1,C-X3-C motif chemokine receptor 1
225202_at,0.000231,4.76e-07,1.61,RHOBTB3,Rho related BTB domain containing 3
227819_at,0.00024,5.01e-07,1.56,LGR6,leucine rich repeat containing G protein-coupled receptor 6
202976_s_at,0.000241,5.08e-07,1.43,RHOBTB3,Rho related BTB domain containing 3
218638_s_at,0.000245,5.21e-07,1.3,LOC100130872///SPON2,uncharacterized LOC100130872///spondin 2
222162_s_at,0.000285,6.25e-07,2.07,ADAMTS1,ADAM metallopeptidase with thrombospondin type 1 motif 1
229952_at,0.000355,8.05e-07,1.16,PLEKHG3,pleckstrin homology and RhoGEF domain containing G3
234165_at,0.000371,8.88e-07,1.38,PTGDR,prostaglandin D2 receptor
228333_at,0.000433,1.15e-06,1.03,ZEB2,zinc finger E-box binding homeobox 2
228188_at,0.000459,1.29e-06,1.03,FOSL2,"FOS like 2, AP-1 transcription factor subunit"
230722_at,0.000459,1.31e-06,1.44,BNC2,basonuclin 2
202975_s_at,0.000466,1.39e-06,1.35,RHOBTB3,Rho related BTB domain containing 3
206582_s_at,0.000521,1.7e-06,1.51,ADGRG1,adhesion G protein-coupled receptor G1
221383_at,0.0006,2.04e-06,1.19,NMUR1,neuromedin U receptor 1
210164_at,0.000651,2.25e-06,1.2,GZMB,granzyme B
213395_at,0.000651,2.25e-06,1.04,MLC1,megalencephalic leukoencephalopathy with subcortical cysts 1
220646_s_at,0.000701,2.55e-06,1.05,KLRF1,killer cell lectin like receptor F1
208179_x_at,0.000741,2.77e-06,1.58,KIR2DL3,"killer cell immunoglobulin like receptor, two Ig domains and long cytoplasmic tail 3"
203908_at,0.000872,3.61e-06,1.17,SLC4A4,solute carrier family 4 member 4
219304_s_at,0.000878,3.68e-06,1.49,PDGFD,platelet derived growth factor D
212070_at,0.000911,3.98e-06,1.37,ADGRG1,adhesion G protein-coupled receptor G1
207907_at,0.000984,4.7e-06,1.11,TNFSF14,tumor necrosis factor superfamily member 14
222860_s_at,0.00106,5.19e-06,1.05,PDGFD,platelet derived growth factor D
215894_at,0.00117,6.02e-06,1.05,PTGDR,prostaglandin D2 receptor
223836_at,0.00119,6.17e-06,1.27,FGFBP2,fibroblast growth factor binding protein 2
238478_at,0.00129,7.14e-06,1.61,BNC2,basonuclin 2
226279_at,0.00131,7.38e-06,1.79,PRSS23,"protease, serine 23"
207313_x_at,0.00134,7.66e-06,1.63,KIR3DL2///KIR3DL1,"killer cell immunoglobulin like receptor, three Ig domains and long cytoplasmic tail 2///killer cell immunoglobulin like receptor, three Ig domains and long cytoplasmic tail 1"
202458_at,0.00134,7.7e-06,1.38,PRSS23,"protease, serine 23"
202581_at,0.00146,8.66e-06,1.62,HSPA1B///HSPA1A,heat shock protein family A (Hsp70) member 1B///heat shock protein family A (Hsp70) member 1A
216907_x_at,0.00181,1.16e-05,1.57,KIR3DL2///KIR3DL1,"killer cell immunoglobulin like receptor, three Ig domains and long cytoplasmic tail 2///killer cell immunoglobulin like receptor, three Ig domains and long cytoplasmic tail 1"
216050_at,0.00198,1.33e-05,1.52,,
211687_x_at,0.00206,1.4e-05,1.54,KIR3DL1,"killer cell immunoglobulin like receptor, three Ig domains and long cytoplasmic tail 1"
204103_at,0.00208,1.46e-05,1.4,CCL4,C-C motif chemokine ligand 4
209883_at,0.0022,1.56e-05,1.09,COLGALT2,collagen beta(1-O)galactosyltransferase 2
206170_at,0.00234,1.72e-05,1.01,ADRB2,adrenoceptor beta 2
212843_at,0.00241,1.82e-05,1.19,NCAM1,neural cell adhesion molecule 1
216748_at,0.00257,2.06e-05,1.02,PYHIN1,pyrin and HIN domain family member 1
216370_s_at,0.00322,2.78e-05,1.34,TKTL1,transketolase like 1
216676_x_at,0.0034,3.01e-05,1.48,KIR3DL3,"killer cell immunoglobulin like receptor, three Ig domains and long cytoplasmic tail 3"
216836_s_at,0.00359,3.27e-05,1.12,ERBB2,erb-b2 receptor tyrosine kinase 2
229121_at,0.00371,3.44e-05,1.38,CMKLR1,chemerin chemokine-like receptor 1
227394_at,0.00445,4.49e-05,1.1,NCAM1,neural cell adhesion molecule 1
207314_x_at,0.00456,4.67e-05,1.54,KIR3DL2///KIR3DL1,"killer cell immunoglobulin like receptor, three Ig domains and long cytoplasmic tail 2///killer cell immunoglobulin like receptor, three Ig domains and long cytoplasmic tail 1"
209160_at,0.00461,4.75e-05,1.47,AKR1C3,"aldo-keto reductase family 1, member C3"
220272_at,0.00508,5.35e-05,1.16,BNC2,basonuclin 2
1569496_s_at,0.0062,7.1e-05,1.04,LOC100130872,uncharacterized LOC100130872
211397_x_at,0.00638,7.38e-05,1.09,KIR2DL2,"killer cell immunoglobulin like receptor, two Ig domains and long cytoplasmic tail 2"
201681_s_at,0.00779,9.81e-05,1.19,DLG5,discs large MAGUK scaffold protein 5
211532_x_at,0.00791,0.0001,1.48,KIR2DS2,"killer cell immunoglobulin like receptor, two Ig domains and short cytoplasmic tail 2"
229970_at,0.00948,0.000131,1.13,KBTBD7,kelch repeat and BTB domain containing 7
210890_x_at,0.0108,0.000158,1.14,KIR2DL1,"killer cell immunoglobulin like receptor, two Ig domains and long cytoplasmic tail 1"
211688_x_at,0.0142,0.000247,1.24,KIR3DL2///KIR3DL1,"killer cell immunoglobulin like receptor, three Ig domains and long cytoplasmic tail 2///killer cell immunoglobulin like receptor, three Ig domains and long cytoplasmic tail 1"
211410_x_at,0.0144,0.000252,1.18,KIR2DL5A,"killer cell immunoglobulin like receptor, two Ig domains and long cytoplasmic tail 5A"
211389_x_at,0.0149,0.000269,1.96,KIR3DS1,"killer cell immunoglobulin like receptor, three Ig domains and short cytoplasmic tail 1"
219529_at,0.0167,0.000318,1.26,CLIC3,chloride intracellular channel 3
213924_at,0.0181,0.000355,1.25,GNAL,G protein subunit alpha L
208122_x_at,0.0224,0.000501,1.51,KIR2DS3,"killer cell immunoglobulin like receptor, two Ig domains and short cytoplasmic tail 3"
208203_x_at,0.0236,0.000538,1.12,KIR2DS5,"killer cell immunoglobulin like receptor, two Ig domains and short cytoplasmic tail 5"
208198_x_at,0.0313,0.000832,1.32,KIR2DS1,"killer cell immunoglobulin like receptor, two Ig domains and short cytoplasmic tail 1"
205114_s_at,0.0313,0.000832,1.03,CCL3L3///CCL3L1///CCL3,C-C motif chemokine ligand 3 like 3///C-C motif chemokine ligand 3 like 1///C-C motif chemokine ligand 3
210354_at,0.0401,0.00119,1.31,IFNG,interferon gamma
208426_x_at,0.0451,0.00144,1.24,KIR2DL4,"killer cell immunoglobulin like receptor, two Ig domains and long cytoplasmic tail 4"
