ID,adj.P.Val,P.Value,logFC,Gene.symbol,Gene.title
211333_s_at,6.035e-05,1.55e-08,1.87,FASLG,Fas ligand
202581_at,0.00012721,7.92e-08,1.97,HSPA1B///HSPA1A,heat shock protein family A (Hsp70) member 1B///heat shock protein family A (Hsp70) member 1A
236935_at,0.00053541,6.07e-07,1.03,PTPN4,"protein tyrosine phosphatase, non-receptor type 4"
219383_at,0.00135467,2.38e-06,1.11,PRR5L,proline rich 5 like
222071_s_at,0.00666937,2.49e-05,1.08,SLCO4C1,solute carrier organic anion transporter family member 4C1
230464_at,0.00835966,3.76e-05,1.1,S1PR5,sphingosine-1-phosphate receptor 5
205767_at,0.01630694,0.000105,1.64,EREG,epiregulin
1553176_at,0.02176331,0.000172,1.19,SH2D1B,SH2 domain containing 1B
202932_at,0.0235478,0.000193,1.05,YES1,"YES proto-oncogene 1, Src family tyrosine kinase"
216050_at,0.02442064,0.000204,1.5,,
221417_x_at,0.02521034,0.000219,1.4,S1PR5,sphingosine-1-phosphate receptor 5
1553177_at,0.02556947,0.000223,1.08,SH2D1B,SH2 domain containing 1B
233743_x_at,0.0278631,0.000262,1.18,S1PR5,sphingosine-1-phosphate receptor 5
207313_x_at,0.02843355,0.000274,1.38,KIR3DL2///KIR3DL1,"killer cell immunoglobulin like receptor, three Ig domains and long cytoplasmic tail 2///killer cell immunoglobulin like receptor, three Ig domains and long cytoplasmic tail 1"
234165_at,0.02882705,0.000283,1.41,PTGDR,prostaglandin D2 receptor
219529_at,0.0292342,0.000292,1.02,CLIC3,chloride intracellular channel 3
202976_s_at,0.03026446,0.000306,1.06,RHOBTB3,Rho related BTB domain containing 3
208179_x_at,0.03665655,0.000442,1.31,KIR2DL3,"killer cell immunoglobulin like receptor, two Ig domains and long cytoplasmic tail 3"
209160_at,0.04664161,0.000667,1.35,AKR1C3,"aldo-keto reductase family 1, member C3"
225202_at,0.04762452,0.000688,1.02,RHOBTB3,Rho related BTB domain containing 3
211687_x_at,0.04820392,0.000706,1.14,KIR3DL1,"killer cell immunoglobulin like receptor, three Ig domains and long cytoplasmic tail 1"
212070_at,0.04820392,0.000707,1.03,ADGRG1,adhesion G protein-coupled receptor G1
