ID,adj.P.Val,P.Value,logFC,Gene.symbol,Gene.title
239469_at,1.608e-05,1.18e-09,-1.23,,
232529_at,1.729e-05,2.85e-09,-1.02,SP3,Sp3 transcription factor
244536_at,6.964e-05,2.17e-08,-1.1,,
241843_at,8.804e-05,3.27e-08,-1.32,SNORA28///EIF5,"small nucleolar RNA, H/ACA box 28///eukaryotic translation initiation factor 5"
1559975_at,0.00027169,2.48e-07,-1.04,BTG1,BTG anti-proliferation factor 1
1565716_at,0.0021946,4.73e-06,-2.23,FUS,FUS RNA binding protein
215322_at,0.00332738,9.06e-06,-1.26,LONRF1,LON peptidase N-terminal domain and ring finger 1
235982_at,0.0143975,8.72e-05,-1.01,FCRL1,Fc receptor like 1
205671_s_at,0.01448919,8.82e-05,-1.01,HLA-DOB,"major histocompatibility complex, class II, DO beta"
206255_at,0.01476754,9.08e-05,-1.05,BLK,"BLK proto-oncogene, Src family tyrosine kinase"
215621_s_at,0.02103726,0.000164,-1.12,IGHD,immunoglobulin heavy constant delta
213674_x_at,0.02188072,0.000174,-1.15,IGHD,immunoglobulin heavy constant delta
230877_at,0.02556947,0.000226,-1.1,IGHD,immunoglobulin heavy constant delta
217422_s_at,0.0278631,0.000259,-1.13,CD22,CD22 molecule
229882_at,0.02843355,0.000274,-1.04,RPS15A,ribosomal protein S15a
233314_at,0.03191565,0.000346,-1.11,,
1557257_at,0.03512062,0.000405,-1.18,BCL10,B-cell CLL/lymphoma 10
206478_at,0.03536638,0.000417,-1.13,FAM30A,"family with sequence similarity 30, member A"
