ID,adj.P.Val,P.Value,logFC,Gene.symbol,Gene.title
1559979_at,5.37e-05,3.52e-08,-1.18,SYF2,SYF2 pre-mRNA splicing factor
1561923_a_at,8.65e-05,8.07e-08,-1.12,SF3B6,splicing factor 3b subunit 6
215322_at,0.000105,1.24e-07,-1.15,LONRF1,LON peptidase N-terminal domain and ring finger 1
232483_at,0.000111,1.51e-07,-1.26,MED17,mediator complex subunit 17
233768_at,0.000126,1.82e-07,-1.32,,
244536_at,0.00017,2.94e-07,-1.25,,
1556874_a_at,0.000792,3.13e-06,-1.26,MEX3C,mex-3 RNA binding family member C
241843_at,0.00101,4.88e-06,-1.17,SNORA28///EIF5,"small nucleolar RNA, H/ACA box 28///eukaryotic translation initiation factor 5"
1565716_at,0.00171,1.06e-05,-1.35,FUS,FUS RNA binding protein
1568665_at,0.00207,1.41e-05,-1.09,RNF103,ring finger protein 103
207819_s_at,0.00435,4.36e-05,-1.1,ABCB4,ATP binding cassette subfamily B member 4
209582_s_at,0.00765,9.61e-05,-1.05,CD200,CD200 molecule
236854_at,0.0102,0.000146,-1.12,LINC00494,long intergenic non-protein coding RNA 494
242904_x_at,0.0119,0.000186,-1.46,,
229882_at,0.0164,0.000307,-1.02,RPS15A,ribosomal protein S15a
