ID,adj.P.Val,P.Value,logFC,Gene.symbol,Gene.title
ILMN_1805778,4.95e-07,2.9100000000000002e-11,-1.17,RBM12B,RNA binding motif protein 12B
ILMN_1735038,4.42e-06,2.87e-09,-3.53,MARCH3,membrane associated ring-CH-type finger 3
ILMN_1755092,4.51e-05,7.93e-08,-1.16,FAM110A,family with sequence similarity 110 member A
ILMN_1678707,4.53e-05,8.63e-08,-1.18,TAF15,TATA-box binding protein associated factor 15
ILMN_1705218,4.53e-05,8.79e-08,-2.67,TRAPPC2,trafficking protein particle complex 2
ILMN_1777740,5.42e-05,1.24e-07,-1.17,THEM6,thioesterase superfamily member 6
ILMN_1762801,6.17e-05,1.53e-07,-1.33,KLF12,Kruppel like factor 12
ILMN_1655011,6.31e-05,1.62e-07,-1.03,SERF1B,small EDRK-rich factor 1B
ILMN_1688318,7.95e-05,2.41e-07,-1.12,,
ILMN_1663173,0.000142,5.37e-07,-1.04,,
ILMN_1794040,0.00016,6.87e-07,-1.83,CD274,CD274 molecule
ILMN_1721849,0.00017,7.74e-07,-2.25,ZNF660,zinc finger protein 660
ILMN_1726856,0.000193,9.56e-07,-1.17,,
ILMN_1738179,0.000211,1.07e-06,-1.95,FOXP1,forkhead box P1
ILMN_1797375,0.000213,1.1e-06,-1.27,,
ILMN_1674287,0.000221,1.17e-06,-1.75,EBAG9,"estrogen receptor binding site associated, antigen, 9"
ILMN_1786168,0.000243,1.35e-06,-1.14,,
ILMN_1683538,0.000243,1.36e-06,-1.01,CSDE1,cold shock domain containing E1
ILMN_1775336,0.000293,1.84e-06,-2.19,,
ILMN_1708954,0.000306,1.97e-06,-2.35,GAR1,GAR1 ribonucleoprotein
ILMN_1652650,0.000318,2.08e-06,-1.43,SH3KBP1,SH3 domain containing kinase binding protein 1
ILMN_1661363,0.000342,2.27e-06,-2.16,,
ILMN_1653646,0.000378,2.72e-06,-2.75,UBL7,ubiquitin like 7
ILMN_1682567,0.000433,3.22e-06,-1.37,CCDC106,coiled-coil domain containing 106
ILMN_1766176,0.000473,3.61e-06,-1.21,RAP1A,"RAP1A, member of RAS oncogene family"
ILMN_1699085,0.000532,4.29e-06,-2.4,,
ILMN_1807003,0.00055,4.47e-06,-1.95,ANXA11,annexin A11
ILMN_1734991,0.000641,5.52e-06,-1.22,,
ILMN_1681603,0.000666,5.95e-06,-3.03,,
ILMN_1660568,0.000833,8.04e-06,-1.86,,
ILMN_1722809,0.000853,8.27e-06,-1.92,NRCAM,neuronal cell adhesion molecule
ILMN_1657860,0.000855,8.33e-06,-2.15,MINOS1,mitochondrial inner membrane organizing system 1
ILMN_1776542,0.000883,8.71e-06,-1.86,SLC35C2,solute carrier family 35 member C2
ILMN_1655283,0.0009,8.97e-06,-2.47,INPP4A,inositol polyphosphate-4-phosphatase type I A
ILMN_1690754,0.000911,9.16e-06,-2.15,SVIL,supervillin
ILMN_1661574,0.000942,9.63e-06,-1.16,ATP5J,"ATP synthase, H+ transporting, mitochondrial Fo complex subunit F6"
ILMN_1774685,0.000948,9.74e-06,-2.13,IL24,interleukin 24
ILMN_1806320,0.000953,9.88e-06,-1.79,PPFIBP1,PPFIA binding protein 1
ILMN_1753165,0.000956,9.97e-06,-1.75,WNK1,WNK lysine deficient protein kinase 1
ILMN_1809937,0.00096,1.02e-05,-1.3,NANOS1,nanos C2HC-type zinc finger 1
ILMN_1673542,0.000999,1.08e-05,-1.65,AKAP14,A-kinase anchoring protein 14
ILMN_1761917,0.00109,1.24e-05,-2.0,LCN8,lipocalin 8
ILMN_1809552,0.00109,1.24e-05,-2.36,TCEAL1,transcription elongation factor A like 1
ILMN_1787931,0.00116,1.33e-05,-2.06,PMS2P2,"PMS1 homolog 2, mismatch repair system component pseudogene 2"
ILMN_1724879,0.00116,1.35e-05,-1.61,AMMECR1,"Alport syndrome, mental retardation, midface hypoplasia and elliptocytosis chromosomal region gene 1"
ILMN_1788711,0.00132,1.72e-05,-2.03,WNK1,WNK lysine deficient protein kinase 1
ILMN_1798880,0.00132,1.73e-05,-1.82,RPA4,replication protein A4
ILMN_1765876,0.00141,1.85e-05,-1.85,ARHGAP24,Rho GTPase activating protein 24
ILMN_1712865,0.00142,1.88e-05,-1.88,SHE,Src homology 2 domain containing E
ILMN_1796508,0.00144,1.91e-05,-2.44,TOP1MT,"topoisomerase (DNA) I, mitochondrial"
ILMN_1709039,0.00144,1.93e-05,-2.2,RPL13,ribosomal protein L13
ILMN_1745852,0.00145,1.95e-05,-1.11,WDR33,WD repeat domain 33
ILMN_1764329,0.00156,2.15e-05,-3.25,,
ILMN_1655983,0.00157,2.18e-05,-1.14,CDC14A,cell division cycle 14A
ILMN_1660907,0.00161,2.26e-05,-1.26,PTPRE,"protein tyrosine phosphatase, receptor type E"
ILMN_1683786,0.00171,2.44e-05,-1.05,FYTTD1,forty-two-three domain containing 1
ILMN_1726703,0.00171,2.47e-05,-1.41,AHNAK,AHNAK nucleoprotein
ILMN_1752404,0.00173,2.51e-05,-2.07,CBFA2T2,CBFA2/RUNX1 translocation partner 2
ILMN_1673660,0.00173,2.51e-05,-1.97,,
ILMN_1729144,0.00183,2.7e-05,-2.54,EBAG9,"estrogen receptor binding site associated, antigen, 9"
ILMN_1780732,0.00188,2.79e-05,-1.01,DOCK9,dedicator of cytokinesis 9
ILMN_1655114,0.00188,2.81e-05,-2.01,ABR,active BCR-related
ILMN_1703205,0.00207,3.17e-05,-1.79,EDN3,endothelin 3
ILMN_1732919,0.00209,3.26e-05,-2.0,LILRB5,leukocyte immunoglobulin like receptor B5
ILMN_1701306,0.00211,3.3e-05,-1.45,,
ILMN_1724479,0.00211,3.34e-05,-1.05,NR2C2,nuclear receptor subfamily 2 group C member 2
ILMN_1691881,0.00219,3.49e-05,-1.39,,
ILMN_1806052,0.00224,3.58e-05,-2.47,UNC119,unc-119 lipid binding chaperone
ILMN_1655572,0.00231,3.77e-05,-2.12,AGPAT4-IT1,AGPAT4 intronic transcript 1
ILMN_1653443,0.00231,3.8e-05,-2.42,CDK2,cyclin dependent kinase 2
ILMN_1706644,0.00234,3.86e-05,-1.8,BDNF,brain derived neurotrophic factor
ILMN_1651610,0.00241,4.07e-05,-2.22,SPRY1,sprouty RTK signaling antagonist 1
ILMN_1708686,0.00273,4.79e-05,-2.37,CCDC144B,coiled-coil domain containing 144B (pseudogene)
ILMN_1765729,0.00273,4.83e-05,-1.96,MAML2,mastermind like transcriptional coactivator 2
ILMN_1665152,0.00276,4.88e-05,-1.28,FCRL2,Fc receptor like 2
ILMN_1772486,0.00291,5.26e-05,-1.3,ELF2,E74 like ETS transcription factor 2
ILMN_1744126,0.00291,5.27e-05,-1.06,,
ILMN_1720703,0.00312,5.77e-05,-2.46,SLC25A3,solute carrier family 25 member 3
ILMN_1804279,0.00321,6.01e-05,-1.04,PTPRC,"protein tyrosine phosphatase, receptor type C"
ILMN_1762608,0.00321,6.04e-05,-1.89,EPG5,ectopic P-granules autophagy protein 5 homolog
ILMN_1685825,0.00333,6.35e-05,-2.08,ZNF136,zinc finger protein 136
ILMN_1659536,0.00345,6.64e-05,-1.21,FAM24B,family with sequence similarity 24 member B
ILMN_1716068,0.00362,7.05e-05,-1.56,ARGFX,arginine-fifty homeobox
ILMN_1734734,0.00367,7.23e-05,-1.51,ZNF519,zinc finger protein 519
ILMN_1705141,0.00372,7.37e-05,-1.9,CACYBP,calcyclin binding protein
ILMN_1731023,0.00381,7.63e-05,-1.62,REPIN1,replication initiator 1
ILMN_1801091,0.00386,7.87e-05,-1.7,CERKL,ceramide kinase like
ILMN_1719146,0.00397,8.21e-05,-1.86,CTAG1B,cancer/testis antigen 1B
ILMN_1779639,0.00408,8.54e-05,-1.92,IRAK1BP1,interleukin 1 receptor associated kinase 1 binding protein 1
ILMN_1663648,0.00427,9.08e-05,-1.82,MTUS1,microtubule associated tumor suppressor 1
ILMN_1665167,0.00427,9.09e-05,-2.0,RORA,RAR related orphan receptor A
ILMN_1808530,0.00428,9.14e-05,-1.85,,
ILMN_1733523,0.00439,9.52e-05,-1.26,NAA16,"N(alpha)-acetyltransferase 16, NatA auxiliary subunit"
ILMN_1669727,0.00469,0.000104,-1.69,WAC,WW domain containing adaptor with coiled-coil
ILMN_1741260,0.00469,0.000104,-2.18,MDN1,midasin AAA ATPase 1
ILMN_1651349,0.00488,0.000111,-2.31,CD86,CD86 molecule
ILMN_1804090,0.00489,0.000111,-2.14,SLC25A10,solute carrier family 25 member 10
ILMN_1744862,0.00506,0.000117,-2.04,TGFBR2,transforming growth factor beta receptor 2
ILMN_1799293,0.00507,0.000118,-1.53,MINA,MYC induced nuclear antigen
ILMN_1682757,0.0051,0.00012,-1.02,PFKFB2,"6-phosphofructo-2-kinase/fructose-2,6-biphosphatase 2"
ILMN_1660125,0.00514,0.000121,-1.23,SFMBT2,Scm-like with four mbt domains 2
ILMN_1660315,0.00517,0.000122,-1.9,SPN,sialophorin
ILMN_1668247,0.00517,0.000122,-1.81,LTC4S,leukotriene C4 synthase
ILMN_1692706,0.00517,0.000123,-1.82,DCUN1D2,defective in cullin neddylation 1 domain containing 2
ILMN_1684865,0.00525,0.000125,-1.97,GPR22,G protein-coupled receptor 22
ILMN_1783805,0.00529,0.000127,-1.38,PNMA3,paraneoplastic Ma antigen 3
ILMN_1783082,0.00529,0.000127,-1.66,,
ILMN_1657868,0.0053,0.000127,-1.84,SIRT4,sirtuin 4
ILMN_1719867,0.0053,0.000128,-1.02,RNF13,ring finger protein 13
ILMN_1811433,0.0054,0.000131,-2.66,RPL8,ribosomal protein L8
ILMN_1669031,0.00543,0.000132,-1.75,,
ILMN_1758605,0.00544,0.000133,-1.07,DCLRE1C,DNA cross-link repair 1C
ILMN_1739283,0.00547,0.000135,-1.25,UPF2,UPF2 regulator of nonsense transcripts homolog (yeast)
ILMN_1815447,0.00555,0.000139,-2.05,,
ILMN_1791980,0.00574,0.000146,-2.3,CUTA,cutA divalent cation tolerance homolog
ILMN_1677756,0.00581,0.000149,-1.56,UBE2D2,ubiquitin conjugating enzyme E2 D2
ILMN_1764165,0.00584,0.00015,-1.68,TRIM65,tripartite motif containing 65
ILMN_1703132,0.00596,0.000156,-1.53,LYRM2,LYR motif containing 2
ILMN_1799939,0.00597,0.000156,-2.32,TAF1L,TATA-box binding protein associated factor 1 like
ILMN_1680072,0.0062,0.000165,-1.96,ZNF32,zinc finger protein 32
ILMN_1687484,0.00635,0.000169,-2.59,ZFX,"zinc finger protein, X-linked"
ILMN_1667022,0.00638,0.00017,-1.06,PASK,PAS domain containing serine/threonine kinase
ILMN_1732475,0.00679,0.000186,-1.84,,
ILMN_1726574,0.00679,0.000186,-1.7,CACYBP,calcyclin binding protein
ILMN_1735333,0.00689,0.00019,-2.02,NBR1,"NBR1, autophagy cargo receptor"
ILMN_1696118,0.00695,0.000192,-1.8,GTPBP10,GTP binding protein 10
ILMN_1706677,0.00706,0.000195,-1.12,MAPK1,mitogen-activated protein kinase 1
ILMN_1738046,0.00711,0.000198,-2.22,ZNF623,zinc finger protein 623
ILMN_1687353,0.00711,0.000198,-1.93,CDK10,cyclin dependent kinase 10
ILMN_1712269,0.00735,0.000208,-1.53,ZNF605,zinc finger protein 605
ILMN_1746632,0.00735,0.000208,-1.68,PHLPP2,PH domain and leucine rich repeat protein phosphatase 2
ILMN_1716237,0.00735,0.000208,-2.68,ACOT2,acyl-CoA thioesterase 2
ILMN_1683575,0.00752,0.000215,-1.46,TMLHE,"trimethyllysine hydroxylase, epsilon"
ILMN_1719677,0.00766,0.000221,-1.82,MOB3C,MOB kinase activator 3C
ILMN_1702636,0.00767,0.000222,-2.23,TUBB6,tubulin beta 6 class V
ILMN_1724578,0.00767,0.000223,-1.57,,
ILMN_1813027,0.00776,0.000228,-2.09,TRIM41,tripartite motif containing 41
ILMN_1768062,0.00786,0.000234,-1.88,ADK,adenosine kinase
ILMN_1782094,0.00802,0.00024,-1.15,PAIP2,poly(A) binding protein interacting protein 2
ILMN_1757411,0.00802,0.000241,-1.32,TTLL9,tubulin tyrosine ligase like 9
ILMN_1744006,0.00813,0.000245,-1.85,GFOD2,glucose-fructose oxidoreductase domain containing 2
ILMN_1651538,0.00814,0.000245,-1.56,NUMBL,"NUMB like, endocytic adaptor protein"
ILMN_1653690,0.00819,0.000248,-1.92,TNFSF14,tumor necrosis factor superfamily member 14
ILMN_1794666,0.00824,0.000251,-1.59,TSSK1B,testis specific serine kinase 1B
ILMN_1732439,0.00829,0.000253,-2.03,LBH,limb bud and heart development
ILMN_1759092,0.00829,0.000254,-2.18,CXorf40A,chromosome X open reading frame 40A
ILMN_1659517,0.00859,0.000267,-2.05,WDR89,WD repeat domain 89
ILMN_1789464,0.00871,0.000275,-1.78,SERINC5,serine incorporator 5
ILMN_1653466,0.00904,0.000288,-1.49,HES4,hes family bHLH transcription factor 4
ILMN_1661342,0.00908,0.000291,-1.9,SEPT6,septin 6
ILMN_1719089,0.00908,0.000291,-1.51,EXO1,exonuclease 1
ILMN_1755758,0.00909,0.000292,-1.53,RIF1,replication timing regulatory factor 1
ILMN_1778964,0.00912,0.000294,-1.84,CLIC5,chloride intracellular channel 5
ILMN_1728075,0.00918,0.000296,-1.4,REG4,regenerating family member 4
ILMN_1687392,0.00924,0.000299,-1.66,NRK,Nik related kinase
ILMN_1789841,0.00934,0.000304,-1.15,ZNF217,zinc finger protein 217
ILMN_1667408,0.00938,0.000305,-1.93,EPB41,erythrocyte membrane protein band 4.1
ILMN_1726420,0.00948,0.000312,-1.54,BSND,barttin CLCNK type accessory beta subunit
ILMN_1675693,0.00963,0.000319,-1.91,PPP2CB,protein phosphatase 2 catalytic subunit beta
ILMN_1662470,0.00966,0.000321,-1.36,C10orf35,chromosome 10 open reading frame 35
ILMN_1713744,0.00984,0.000328,-1.89,,
ILMN_1729832,0.00991,0.000334,-2.18,,
ILMN_1786345,0.01,0.00034,-1.59,,
ILMN_1675507,0.01,0.00034,-1.64,AKAP2,A-kinase anchoring protein 2
ILMN_1754988,0.0101,0.000345,-1.32,N6AMT1,N-6 adenine-specific DNA methyltransferase 1 (putative)
ILMN_1716847,0.0103,0.000355,-1.64,FADS3,fatty acid desaturase 3
ILMN_1683779,0.0104,0.00036,-2.38,SDR39U1,short chain dehydrogenase/reductase family 39U member 1
ILMN_1694906,0.0105,0.000367,-1.43,SPEG,SPEG complex locus
ILMN_1688041,0.0106,0.000372,-1.76,TMEM53,transmembrane protein 53
ILMN_1667114,0.0106,0.000375,-1.67,,
ILMN_1778308,0.0106,0.000376,-2.22,COL4A4,collagen type IV alpha 4 chain
ILMN_1653341,0.0106,0.000376,-1.43,KRTAP19-2,keratin associated protein 19-2
ILMN_1723481,0.0107,0.00038,-1.37,CHST3,carbohydrate sulfotransferase 3
ILMN_1735910,0.011,0.000397,-1.28,VMO1,vitelline membrane outer layer 1 homolog
ILMN_1682112,0.0112,0.000404,-1.66,PCDHA10,protocadherin alpha 10
ILMN_1731610,0.0112,0.000406,-2.18,ABLIM1,actin binding LIM protein 1
ILMN_1768248,0.0114,0.000411,-1.83,FOXP1,forkhead box P1
ILMN_1789628,0.0114,0.000413,-1.03,KLRB1,killer cell lectin like receptor B1
ILMN_1783392,0.0114,0.000413,-1.94,BTN2A1,butyrophilin subfamily 2 member A1
ILMN_1654692,0.0115,0.000417,-1.6,,
ILMN_1751164,0.0117,0.00043,-3.06,ARHGAP30,Rho GTPase activating protein 30
ILMN_1679417,0.0117,0.000431,-1.7,UPF2,UPF2 regulator of nonsense transcripts homolog (yeast)
ILMN_1750497,0.0117,0.000433,-1.95,HCAR2,hydroxycarboxylic acid receptor 2
ILMN_1797172,0.0119,0.000442,-2.6,ERCC1,"ERCC excision repair 1, endonuclease non-catalytic subunit"
ILMN_1736165,0.012,0.000445,-1.69,,
ILMN_1732514,0.012,0.000445,-2.17,GALK2,galactokinase 2
ILMN_1778681,0.012,0.00045,-1.33,EBF1,early B-cell factor 1
ILMN_1678459,0.0122,0.000457,-1.35,VAPB,VAMP associated protein B and C
ILMN_1774513,0.0123,0.000466,-1.77,,
ILMN_1795963,0.0124,0.000468,-1.76,,
ILMN_1738989,0.0124,0.00047,-1.91,SYBU,syntabulin
ILMN_1679501,0.0124,0.000472,-1.3,CSNK2A1,casein kinase 2 alpha 1
ILMN_1694757,0.0124,0.000473,-1.7,CTSL,cathepsin L
ILMN_1793831,0.0124,0.000474,-1.73,TRADD,TNFRSF1A associated via death domain
ILMN_1756071,0.0125,0.000482,-1.3,MFGE8,milk fat globule-EGF factor 8 protein
ILMN_1806603,0.0126,0.000488,-1.59,MESP1,mesoderm posterior bHLH transcription factor 1
ILMN_1692260,0.0128,0.000496,-1.99,MAFG,MAF bZIP transcription factor G
ILMN_1661010,0.0128,0.000498,-1.47,,
ILMN_1762568,0.0128,0.000499,-1.9,RBMS1,RNA binding motif single stranded interacting protein 1
ILMN_1747047,0.0131,0.000512,-1.67,ZNF346,zinc finger protein 346
ILMN_1747384,0.0131,0.000513,-1.86,CCS,copper chaperone for superoxide dismutase
ILMN_1800401,0.0132,0.000525,-1.52,ZNF69,zinc finger protein 69
ILMN_1787813,0.0133,0.000527,-1.23,SLC5A3,solute carrier family 5 member 3
ILMN_1746020,0.0133,0.000527,-1.97,MDM4,"MDM4, p53 regulator"
ILMN_1810418,0.0137,0.000551,-1.98,LBR,lamin B receptor
ILMN_1734823,0.0138,0.000558,-1.95,MSI2,musashi RNA binding protein 2
ILMN_1723353,0.014,0.000571,-1.02,FAM122A,family with sequence similarity 122A
ILMN_1805930,0.014,0.000577,-1.2,CSF1,colony stimulating factor 1
ILMN_1712561,0.0142,0.000583,-1.59,TAF13,TATA-box binding protein associated factor 13
ILMN_1741985,0.0142,0.000583,-1.05,BBS10,Bardet-Biedl syndrome 10
ILMN_1702706,0.0142,0.000587,-2.44,APOBEC3F,apolipoprotein B mRNA editing enzyme catalytic subunit 3F
ILMN_1770788,0.0146,0.000608,-1.41,TCEAL4,transcription elongation factor A like 4
ILMN_1662181,0.0146,0.000609,-1.49,FGFR1OP,FGFR1 oncogene partner
ILMN_1693998,0.0152,0.000645,-1.14,SNX1,sorting nexin 1
ILMN_1727558,0.0152,0.000646,-1.42,,
ILMN_1696394,0.0153,0.000653,-1.75,IL6R,interleukin 6 receptor
ILMN_1669598,0.0155,0.000669,-1.21,KMT5B,lysine methyltransferase 5B
ILMN_1719998,0.0157,0.000679,-1.01,MIR600HG,MIR600 host gene
ILMN_1651843,0.0157,0.000681,-1.77,,
ILMN_1723440,0.0157,0.000682,-1.54,DOCK3,dedicator of cytokinesis 3
ILMN_1720024,0.0158,0.000689,-1.87,,
ILMN_1791143,0.0161,0.000699,-1.23,GAB2,GRB2 associated binding protein 2
ILMN_1653652,0.0162,0.00071,-1.31,PTPRC,"protein tyrosine phosphatase, receptor type C"
ILMN_1762436,0.0166,0.000739,-1.53,UBB,ubiquitin B
ILMN_1704842,0.0167,0.00074,-1.77,ARL4A,ADP ribosylation factor like GTPase 4A
ILMN_1789018,0.0167,0.000742,-1.26,ILF3,interleukin enhancer binding factor 3
ILMN_1742808,0.0167,0.000746,-1.64,SF1,splicing factor 1
ILMN_1730325,0.0169,0.000755,-1.51,FLAD1,flavin adenine dinucleotide synthetase 1
ILMN_1776077,0.017,0.000761,-1.48,SF1,splicing factor 1
ILMN_1659682,0.017,0.000763,-2.01,GALK2,galactokinase 2
ILMN_1810116,0.0173,0.000788,-1.67,INPP5B,inositol polyphosphate-5-phosphatase B
ILMN_1684758,0.0174,0.000795,-1.39,ETFB,electron transfer flavoprotein beta subunit
ILMN_1664993,0.0177,0.000808,-1.63,SLX1B,"SLX1 homolog B, structure-specific endonuclease subunit"
ILMN_1718808,0.0177,0.000813,-1.1,AKAP10,A-kinase anchoring protein 10
ILMN_1740231,0.0179,0.000824,-1.74,ELMO1,engulfment and cell motility 1
ILMN_1794560,0.0182,0.000851,-1.9,EMC6,ER membrane protein complex subunit 6
ILMN_1722589,0.0187,0.000883,-1.85,RPP25L,ribonuclease P/MRP subunit p25 like
ILMN_1739763,0.0194,0.000924,-1.16,OR13C4,olfactory receptor family 13 subfamily C member 4
ILMN_1796677,0.0194,0.000926,-1.3,RASGEF1B,RasGEF domain family member 1B
ILMN_1664795,0.0195,0.000933,-1.66,MOB4,"MOB family member 4, phocein"
ILMN_1670695,0.0197,0.000947,-1.25,BACH2,BTB domain and CNC homolog 2
ILMN_1784512,0.0198,0.000954,-1.01,NR2C2AP,nuclear receptor 2C2 associated protein
ILMN_1806226,0.0199,0.000959,-1.15,ING3,inhibitor of growth family member 3
ILMN_1652766,0.02,0.000966,-1.11,CASP8AP2,caspase 8 associated protein 2
ILMN_1725199,0.02,0.000969,-1.46,HNRNPM,heterogeneous nuclear ribonucleoprotein M
ILMN_1782918,0.0203,0.000986,-1.01,B4GAT1,"beta-1,4-glucuronyltransferase 1"
ILMN_1769741,0.0203,0.00099,-1.83,RPL32,ribosomal protein L32
ILMN_1721094,0.0203,0.000999,-1.54,LIMK2,LIM domain kinase 2
ILMN_1801914,0.0204,0.001,-1.35,SH3BP2,SH3 domain binding protein 2
ILMN_1698987,0.0205,0.00102,-2.86,,
ILMN_1687887,0.0205,0.00102,-2.01,PSMC4,"proteasome 26S subunit, ATPase 4"
ILMN_1772177,0.0208,0.00104,-1.44,ASCC3,activating signal cointegrator 1 complex subunit 3
ILMN_1813955,0.0208,0.00104,-1.99,SERTAD3,SERTA domain containing 3
ILMN_1792497,0.0209,0.00105,-1.3,AGFG1,ArfGAP with FG repeats 1
ILMN_1774938,0.0212,0.00108,-1.33,AKR1A1,aldo-keto reductase family 1 member A1
ILMN_1808066,0.0213,0.00109,-1.69,RASSF1,Ras association domain family member 1
ILMN_1669608,0.0214,0.0011,-1.1,,
ILMN_1740752,0.0215,0.00111,-1.6,GPAT4,glycerol-3-phosphate acyltransferase 4
ILMN_1807425,0.0215,0.00111,-1.81,IKZF2,IKAROS family zinc finger 2
ILMN_1747412,0.0217,0.00112,-1.74,DPP3,dipeptidyl peptidase 3
ILMN_1778059,0.0219,0.00114,-1.72,CASP4,caspase 4
ILMN_1802404,0.022,0.00115,-1.73,,
ILMN_1677542,0.0221,0.00116,-1.59,,
ILMN_1685467,0.0221,0.00116,-1.44,ZNF397,zinc finger protein 397
ILMN_1668525,0.0221,0.00116,-1.54,NR3C1,nuclear receptor subfamily 3 group C member 1
ILMN_1662147,0.0222,0.00117,-1.58,MANEAL,mannosidase endo-alpha like
ILMN_1656382,0.0222,0.00117,-1.78,SLX1B,"SLX1 homolog B, structure-specific endonuclease subunit"
ILMN_1735058,0.0223,0.00118,-1.36,CHST12,carbohydrate (chondroitin 4) sulfotransferase 12
ILMN_1722286,0.0224,0.00119,-1.59,ABCA5,ATP binding cassette subfamily A member 5
ILMN_1662707,0.0225,0.0012,-1.31,SEC24B,"SEC24 homolog B, COPII coat complex component"
ILMN_1735364,0.0226,0.00121,-1.11,,
ILMN_1771332,0.0226,0.00121,-1.9,CEPT1,choline/ethanolamine phosphotransferase 1
ILMN_1750792,0.0227,0.00122,-1.48,VAC14,"Vac14, PIKFYVE complex component"
ILMN_1807833,0.0227,0.00122,-2.86,HM13,histocompatibility minor 13
ILMN_1741313,0.0229,0.00124,-1.34,ZNF782,zinc finger protein 782
ILMN_1653028,0.023,0.00125,-1.46,COL4A1,collagen type IV alpha 1 chain
ILMN_1670666,0.023,0.00125,-1.17,RAB12,"RAB12, member RAS oncogene family"
ILMN_1696583,0.0231,0.00126,-1.6,ZNF169,zinc finger protein 169
ILMN_1728528,0.0232,0.00126,-1.58,,
ILMN_1765829,0.0234,0.00128,-1.19,NUFIP2,"NUFIP2, FMR1 interacting protein 2"
ILMN_1813430,0.0234,0.00129,-1.39,TRIM69,tripartite motif containing 69
ILMN_1668510,0.0235,0.0013,-1.41,GLYAT,glycine-N-acyltransferase
ILMN_1674780,0.0235,0.0013,-1.43,SF3B1,splicing factor 3b subunit 1
ILMN_1659792,0.0235,0.0013,-1.06,HOXD9,homeobox D9
ILMN_1689842,0.0241,0.00135,-1.76,MSMO1,methylsterol monooxygenase 1
ILMN_1758457,0.0242,0.00136,-1.53,TBC1D16,TBC1 domain family member 16
ILMN_1759023,0.0242,0.00136,-1.37,WFS1,wolframin ER transmembrane glycoprotein
ILMN_1754860,0.0242,0.00137,-1.55,MRPS12,mitochondrial ribosomal protein S12
ILMN_1773352,0.0242,0.00137,-1.03,CCL5,C-C motif chemokine ligand 5
ILMN_1662432,0.0242,0.00137,-1.37,OPA3,"optic atrophy 3 (autosomal recessive, with chorea and spastic paraplegia)"
ILMN_1761613,0.0243,0.00138,-1.56,,
ILMN_1697729,0.0243,0.00138,-1.84,MAP2K6,mitogen-activated protein kinase kinase 6
ILMN_1691106,0.0246,0.00141,-1.67,CDV3,CDV3 homolog
ILMN_1676980,0.0246,0.00141,-1.21,MTSS1,metastasis suppressor 1
ILMN_1797283,0.0247,0.00142,-1.28,ASTN2,astrotactin 2
ILMN_1667060,0.0247,0.00142,-1.8,HSF1,heat shock transcription factor 1
ILMN_1762803,0.0247,0.00142,-1.43,RFX7,regulatory factor X7
ILMN_1727249,0.0248,0.00143,-2.11,FAM21C,family with sequence similarity 21 member C
ILMN_1750257,0.0248,0.00143,-1.24,USP1,ubiquitin specific peptidase 1
ILMN_1668830,0.0249,0.00144,-1.85,HRK,"harakiri, BCL2 interacting protein"
ILMN_1651544,0.0249,0.00145,-1.14,HDAC8,histone deacetylase 8
ILMN_1803703,0.025,0.00146,-1.34,OXNAD1,oxidoreductase NAD binding domain containing 1
ILMN_1731692,0.025,0.00146,-1.52,,
ILMN_1809817,0.025,0.00146,-1.51,CDHR3,cadherin related family member 3
ILMN_1695461,0.025,0.00146,-1.2,PTPRA,"protein tyrosine phosphatase, receptor type A"
ILMN_1735591,0.0252,0.00148,-1.32,AGAP2,"ArfGAP with GTPase domain, ankyrin repeat and PH domain 2"
ILMN_1734428,0.0255,0.0015,-2.05,LSM12,LSM12 homolog
ILMN_1678799,0.0255,0.0015,-2.11,RAPGEF1,Rap guanine nucleotide exchange factor 1
ILMN_1717063,0.0257,0.00151,-1.73,FBXO9,F-box protein 9
ILMN_1751345,0.0257,0.00152,-1.97,AP1S1,adaptor related protein complex 1 sigma 1 subunit
ILMN_1712253,0.0257,0.00152,-1.25,CAMK4,calcium/calmodulin dependent protein kinase IV
ILMN_1663005,0.0257,0.00152,-1.32,ZNF493,zinc finger protein 493
ILMN_1804454,0.026,0.00154,-1.72,FAM135A,family with sequence similarity 135 member A
ILMN_1676780,0.0261,0.00156,-2.03,SIRPG,signal regulatory protein gamma
ILMN_1725696,0.0262,0.00157,-1.12,ATXN3,ataxin 3
ILMN_1698441,0.0263,0.00158,-1.76,KAT6B,lysine acetyltransferase 6B
ILMN_1682096,0.0263,0.00158,-1.34,PAX1,paired box 1
ILMN_1686370,0.0264,0.00158,-1.87,PHYKPL,5-phosphohydroxy-L-lysine phospho-lyase
ILMN_1681644,0.0266,0.0016,-1.44,BIRC3,baculoviral IAP repeat containing 3
ILMN_1781416,0.0266,0.00161,-1.12,FRAT1,frequently rearranged in advanced T-cell lymphomas 1
ILMN_1651364,0.0266,0.00161,-1.26,PCBD2,pterin-4 alpha-carbinolamine dehydratase 2
ILMN_1797861,0.0268,0.00163,-1.72,IL6ST,interleukin 6 signal transducer
ILMN_1666885,0.0268,0.00163,-1.36,ATRX,"ATRX, chromatin remodeler"
ILMN_1806647,0.0268,0.00163,-1.19,DNAAF5,dynein axonemal assembly factor 5
ILMN_1665335,0.0268,0.00163,-1.91,DIABLO,diablo IAP-binding mitochondrial protein
ILMN_1726164,0.0273,0.00168,-1.37,NEDD9,"neural precursor cell expressed, developmentally down-regulated 9"
ILMN_1653319,0.0277,0.00172,-1.31,MC1R,melanocortin 1 receptor
ILMN_1709194,0.0277,0.00172,-1.18,GPR155,G protein-coupled receptor 155
ILMN_1691071,0.0278,0.00173,-1.2,FCRLA,Fc receptor like A
ILMN_1673334,0.0279,0.00174,-1.37,ZNF483,zinc finger protein 483
ILMN_1782327,0.0279,0.00174,-2.1,CTBP1,C-terminal binding protein 1
ILMN_1673757,0.0279,0.00174,-1.38,CASP8,caspase 8
ILMN_1777976,0.0279,0.00175,-1.61,SLC25A26,solute carrier family 25 member 26
ILMN_1656361,0.0285,0.0018,-1.09,ARHGAP27,Rho GTPase activating protein 27
ILMN_1765208,0.0292,0.00186,-1.56,GLUL,glutamate-ammonia ligase
ILMN_1652280,0.0293,0.00187,-1.87,FBXO32,F-box protein 32
ILMN_1678097,0.0296,0.0019,-1.19,,
ILMN_1761866,0.0303,0.00197,-1.46,STOML3,stomatin like 3
ILMN_1755920,0.0305,0.00199,-1.39,ATP8B5P,"ATPase phospholipid transporting 8B5, pseudogene"
ILMN_1664631,0.0307,0.00201,-1.09,ADAM28,ADAM metallopeptidase domain 28
ILMN_1720572,0.0307,0.00201,-1.43,CTNND1,catenin delta 1
ILMN_1753819,0.0307,0.00202,-1.13,RFFL,ring finger and FYVE-like domain containing E3 ubiquitin protein ligase
ILMN_1657451,0.0309,0.00204,-1.59,SRPK2,SRSF protein kinase 2
ILMN_1756275,0.0309,0.00205,-1.13,LY9,lymphocyte antigen 9
ILMN_1657248,0.0311,0.00208,-1.19,EREG,epiregulin
ILMN_1674252,0.0311,0.00208,-1.68,ST3GAL1,"ST3 beta-galactoside alpha-2,3-sialyltransferase 1"
ILMN_1791838,0.0311,0.00209,-1.38,LYG1,lysozyme g1
ILMN_1706958,0.0313,0.0021,-2.13,PCNA,proliferating cell nuclear antigen
ILMN_1740957,0.0314,0.00212,-1.64,NVL,nuclear VCP-like
ILMN_1745593,0.0319,0.00217,-1.55,STMN1,stathmin 1
ILMN_1652569,0.032,0.00218,-1.21,AP1G1,adaptor related protein complex 1 gamma 1 subunit
ILMN_1760779,0.0321,0.00219,-1.12,ENSA,endosulfine alpha
ILMN_1684341,0.0326,0.00225,-1.27,HAS3,hyaluronan synthase 3
ILMN_1668310,0.0327,0.00226,-2.13,MOCS2,molybdenum cofactor synthesis 2
ILMN_1780659,0.0327,0.00227,-1.3,NUDT6,nudix hydrolase 6
ILMN_1679158,0.0327,0.00227,-1.57,FAAH2,fatty acid amide hydrolase 2
ILMN_1685045,0.0327,0.00227,-1.85,CHI3L2,chitinase 3 like 2
ILMN_1809336,0.0327,0.00227,-1.23,RTKN,rhotekin
ILMN_1744244,0.0327,0.00227,-1.95,DPAGT1,dolichyl-phosphate N-acetylglucosaminephosphotransferase 1
ILMN_1770690,0.033,0.00231,-1.41,CDKL3,cyclin dependent kinase like 3
ILMN_1795317,0.0333,0.00234,-1.39,SCAND1,SCAN domain containing 1
ILMN_1734478,0.0334,0.00235,-1.53,PIP5K1B,phosphatidylinositol-4-phosphate 5-kinase type 1 beta
ILMN_1677910,0.034,0.00241,-1.58,,
ILMN_1754757,0.0341,0.00242,-1.4,,
ILMN_1720205,0.0341,0.00243,-1.41,,
ILMN_1808500,0.0342,0.00243,-1.34,CEP68,centrosomal protein 68
ILMN_1732296,0.0343,0.00245,-1.69,ID3,"inhibitor of DNA binding 3, HLH protein"
ILMN_1687431,0.0343,0.00245,-1.1,RNF6,ring finger protein 6
ILMN_1777454,0.0343,0.00245,-1.03,HIST1H4F,"histone cluster 1, H4f"
ILMN_1734285,0.0344,0.00247,-1.33,DNMT3B,DNA methyltransferase 3 beta
ILMN_1702866,0.0344,0.00247,-1.58,LINC00115,long intergenic non-protein coding RNA 115
ILMN_1660144,0.0345,0.00248,-1.39,TCF20,transcription factor 20
ILMN_1707942,0.0345,0.00249,-1.39,CRCP,CGRP receptor component
ILMN_1734903,0.0347,0.00251,-2.06,GLRX2,glutaredoxin 2
ILMN_1673676,0.0347,0.00252,-2.18,SNX5,sorting nexin 5
ILMN_1790637,0.035,0.00254,-1.22,C11orf80,chromosome 11 open reading frame 80
ILMN_1660298,0.0351,0.00255,-1.54,TMEM121,transmembrane protein 121
ILMN_1707391,0.0353,0.00257,-1.44,STXBP4,syntaxin binding protein 4
ILMN_1662021,0.0353,0.00258,-1.33,ZNF326,zinc finger protein 326
ILMN_1812093,0.0354,0.00259,-1.45,UTS2B,urotensin 2B
ILMN_1652276,0.0354,0.00259,-1.36,MAGEA3,MAGE family member A3
ILMN_1663897,0.0354,0.0026,-1.46,,
ILMN_1656276,0.0356,0.00263,-1.35,ARHGAP8,Rho GTPase activating protein 8
ILMN_1674645,0.0356,0.00263,-1.29,TSGA10,testis specific 10
ILMN_1715718,0.0357,0.00264,-1.15,ZNF784,zinc finger protein 784
ILMN_1801020,0.0357,0.00264,-1.11,ADK,adenosine kinase
ILMN_1770537,0.0358,0.00265,-1.44,BEX3,brain expressed X-linked 3
ILMN_1782938,0.0362,0.00272,-1.05,SLC16A10,solute carrier family 16 member 10
ILMN_1737441,0.0364,0.00275,-1.9,CD79B,CD79b molecule
ILMN_1731858,0.0366,0.00276,-1.72,TUBG1,tubulin gamma 1
ILMN_1800267,0.0367,0.00278,-1.44,FAM13A,family with sequence similarity 13 member A
ILMN_1703688,0.0367,0.00278,-1.6,RASA2,RAS p21 protein activator 2
ILMN_1688964,0.0371,0.00282,-1.45,ATF4,activating transcription factor 4
ILMN_1810855,0.0372,0.00284,-1.1,GDPGP1,GDP-D-glucose phosphorylase 1
ILMN_1771390,0.0373,0.00285,-1.38,UBXN11,UBX domain protein 11
ILMN_1654746,0.0373,0.00285,-1.85,MAGED2,MAGE family member D2
ILMN_1787513,0.0373,0.00286,-1.63,ACTR3B,ARP3 actin related protein 3 homolog B
ILMN_1737475,0.0376,0.00289,-1.55,,
ILMN_1793236,0.0377,0.00291,-1.2,KCNAB1,potassium voltage-gated channel subfamily A member regulatory beta subunit 1
ILMN_1677793,0.0381,0.00296,-1.72,,
ILMN_1694882,0.0382,0.00297,-1.78,AMY2B,"amylase, alpha 2B (pancreatic)"
ILMN_1683112,0.0382,0.00297,-1.32,FANCC,Fanconi anemia complementation group C
ILMN_1658104,0.0383,0.00299,-1.03,KBTBD6,kelch repeat and BTB domain containing 6
ILMN_1668453,0.0383,0.00299,-1.27,TRIM36,tripartite motif containing 36
ILMN_1712773,0.0386,0.00302,-1.44,SPAG1,sperm associated antigen 1
ILMN_1797055,0.0389,0.00306,-1.32,LIN52,lin-52 DREAM MuvB core complex component
ILMN_1725235,0.039,0.00306,-1.33,CDK5RAP2,CDK5 regulatory subunit associated protein 2
ILMN_1661488,0.0391,0.00309,-1.75,TPST2,tyrosylprotein sulfotransferase 2
ILMN_1732909,0.0391,0.00309,-1.14,ZNF483,zinc finger protein 483
ILMN_1703988,0.0392,0.00311,-2.04,FAM53B,family with sequence similarity 53 member B
ILMN_1660345,0.0393,0.00312,-1.36,,
ILMN_1727855,0.0393,0.00313,-1.71,PEMT,phosphatidylethanolamine N-methyltransferase
ILMN_1737935,0.0393,0.00314,-1.44,MACF1,microtubule-actin crosslinking factor 1
ILMN_1760506,0.0393,0.00314,-1.62,HSD17B7P2,hydroxysteroid 17-beta dehydrogenase 7 pseudogene 2
ILMN_1693352,0.0393,0.00315,-1.61,MRPL20,mitochondrial ribosomal protein L20
ILMN_1694485,0.0393,0.00315,-1.25,TAS2R19,taste 2 receptor member 19
ILMN_1670912,0.0393,0.00315,-1.39,ACVR2A,activin A receptor type 2A
ILMN_1814619,0.0393,0.00315,-1.21,ZNF33A,zinc finger protein 33A
ILMN_1774806,0.0395,0.00318,-1.13,SLC9A7,solute carrier family 9 member A7
ILMN_1773505,0.04,0.00322,-1.65,USP4,ubiquitin specific peptidase 4
ILMN_1705751,0.04,0.00324,-1.64,GET4,golgi to ER traffic protein 4
ILMN_1683298,0.0403,0.00327,-1.1,MEN1,menin 1
ILMN_1699404,0.0403,0.00328,-1.69,ADSSL1,adenylosuccinate synthase like 1
ILMN_1786734,0.0403,0.00328,-1.38,EIF5,eukaryotic translation initiation factor 5
ILMN_1720322,0.0403,0.00329,-1.19,PTS,6-pyruvoyltetrahydropterin synthase
ILMN_1796136,0.0403,0.00329,-1.93,RAB37,"RAB37, member RAS oncogene family"
ILMN_1743621,0.0404,0.00331,-1.26,,
ILMN_1808898,0.0404,0.00331,-1.51,NPR2,natriuretic peptide receptor 2
ILMN_1786544,0.0405,0.00332,-1.31,ACVR1B,activin A receptor type 1B
ILMN_1768798,0.0406,0.00333,-1.22,,
ILMN_1688186,0.0406,0.00333,-1.39,TUB,tubby bipartite transcription factor
ILMN_1789879,0.0406,0.00334,-1.04,WDR35,WD repeat domain 35
ILMN_1751471,0.0407,0.00335,-1.63,MLC1,megalencephalic leukoencephalopathy with subcortical cysts 1
ILMN_1801584,0.0408,0.00337,-2.9,CXCR4,C-X-C motif chemokine receptor 4
ILMN_1756723,0.0409,0.00339,-2.07,DPP7,dipeptidyl peptidase 7
ILMN_1768575,0.041,0.0034,-1.42,SFTPD,surfactant protein D
ILMN_1803838,0.0414,0.00344,-1.31,CNFN,cornifelin
ILMN_1724449,0.0417,0.00348,-2.06,CCL3,C-C motif chemokine ligand 3
ILMN_1666019,0.0417,0.00348,-1.89,ADNP,activity dependent neuroprotector homeobox
ILMN_1768952,0.0417,0.00348,-1.43,,
ILMN_1806059,0.0418,0.00349,-1.28,SPRR2B,small proline rich protein 2B
ILMN_1704665,0.0419,0.0035,-1.59,GPM6B,glycoprotein M6B
ILMN_1677197,0.0419,0.0035,-1.32,RARA,retinoic acid receptor alpha
ILMN_1775328,0.0422,0.00354,-1.23,MTG1,mitochondrial ribosome associated GTPase 1
ILMN_1677610,0.0423,0.00356,-1.5,OVCA2,ovarian tumor suppressor candidate 2
ILMN_1748529,0.0423,0.00356,-1.04,RLN2,relaxin 2
ILMN_1695468,0.0423,0.00356,-1.97,SRPK2,SRSF protein kinase 2
ILMN_1684704,0.0424,0.00357,-1.12,,
ILMN_1730630,0.0427,0.00361,-1.06,CXorf56,chromosome X open reading frame 56
ILMN_1787196,0.0427,0.00363,-1.29,LYZL1,lysozyme like 1
ILMN_1702211,0.0427,0.00363,-1.36,TGIF1,TGFB induced factor homeobox 1
ILMN_1757262,0.0427,0.00364,-1.32,ZBTB5,zinc finger and BTB domain containing 5
ILMN_1686895,0.0428,0.00365,-1.52,LGR4,leucine rich repeat containing G protein-coupled receptor 4
ILMN_1680246,0.0428,0.00365,-1.56,MAT2B,methionine adenosyltransferase 2B
ILMN_1801040,0.0429,0.00367,-1.31,SPN,sialophorin
ILMN_1703263,0.0429,0.00368,-1.08,SP140,SP140 nuclear body protein
ILMN_1662359,0.043,0.00369,-1.06,HIST1H4K,"histone cluster 1, H4k"
ILMN_1694012,0.0431,0.00371,-1.2,NME2,NME/NM23 nucleoside diphosphate kinase 2
ILMN_1745686,0.0434,0.00375,-1.71,MFHAS1,malignant fibrous histiocytoma amplified sequence 1
ILMN_1813134,0.0436,0.00377,-1.26,RORA,RAR related orphan receptor A
ILMN_1812273,0.044,0.00381,-1.48,EHMT1,euchromatic histone lysine methyltransferase 1
ILMN_1699989,0.0441,0.00383,-1.35,BNIPL,BCL2 interacting protein like
ILMN_1792828,0.0441,0.00383,-1.01,C19orf68,chromosome 19 open reading frame 68
ILMN_1683328,0.0444,0.00388,-1.55,IP6K2,inositol hexakisphosphate kinase 2
ILMN_1739726,0.0445,0.00389,-1.09,JSRP1,junctional sarcoplasmic reticulum protein 1
ILMN_1763728,0.0446,0.00391,-1.18,OR6C68,olfactory receptor family 6 subfamily C member 68
ILMN_1752145,0.0447,0.00392,-1.39,ERAP1,endoplasmic reticulum aminopeptidase 1
ILMN_1757085,0.0447,0.00392,-1.52,NUMA1,nuclear mitotic apparatus protein 1
ILMN_1808455,0.0448,0.00393,-1.29,ZNF92,zinc finger protein 92
ILMN_1710479,0.0449,0.00395,-1.24,,
ILMN_1659515,0.0449,0.00395,-1.94,ARPC2,actin related protein 2/3 complex subunit 2
ILMN_1655469,0.045,0.00396,-1.38,TSPAN3,tetraspanin 3
ILMN_1776939,0.0458,0.00408,-1.21,MS4A1,membrane spanning 4-domains A1
ILMN_1760285,0.046,0.0041,-1.23,,
ILMN_1676632,0.0462,0.00412,-1.29,DISC1,disrupted in schizophrenia 1
ILMN_1731193,0.0462,0.00412,-1.47,BCL2L12,BCL2 like 12
ILMN_1745860,0.0465,0.00416,-1.41,,
ILMN_1809511,0.0466,0.00418,-1.54,,
ILMN_1755134,0.0467,0.00419,-1.18,HSPA4,heat shock protein family A (Hsp70) member 4
ILMN_1726204,0.047,0.00423,-1.45,SCRG1,stimulator of chondrogenesis 1
ILMN_1749342,0.0471,0.00424,-1.23,ZNF322,zinc finger protein 322
ILMN_1730025,0.0472,0.00427,-1.21,ACSL6,acyl-CoA synthetase long-chain family member 6
ILMN_1661971,0.0473,0.00427,-1.38,ARHGAP25,Rho GTPase activating protein 25
ILMN_1666111,0.0477,0.00432,-1.24,YTHDC1,YTH domain containing 1
ILMN_1780153,0.0477,0.00432,-1.42,QTRT1,queuine tRNA-ribosyltransferase catalytic subunit 1
ILMN_1669321,0.0481,0.00437,-1.93,MATK,megakaryocyte-associated tyrosine kinase
ILMN_1805742,0.0484,0.00441,-1.32,DHX37,DEAH-box helicase 37
ILMN_1770064,0.0486,0.00443,-1.28,TMEM201,transmembrane protein 201
ILMN_1771120,0.0487,0.00446,-1.42,TMEM45B,transmembrane protein 45B
ILMN_1803803,0.0488,0.00447,-1.19,TEX12,testis expressed 12
ILMN_1797905,0.0489,0.00448,-2.33,HIST2H4A,"histone cluster 2, H4a"
ILMN_1685810,0.049,0.00449,-1.25,NFATC3,nuclear factor of activated T-cells 3
ILMN_1757350,0.0491,0.00451,-1.16,CTNNB1,catenin beta 1
ILMN_1659651,0.0491,0.00452,-1.5,TOP1MT,"topoisomerase (DNA) I, mitochondrial"
ILMN_1676437,0.0492,0.00453,-1.24,GCK,glucokinase
ILMN_1704529,0.0492,0.00453,-1.18,PPIA,peptidylprolyl isomerase A
ILMN_1709042,0.0492,0.00454,-1.07,RBM4,RNA binding motif protein 4
ILMN_1767256,0.0492,0.00455,-1.23,MBTPS1,"membrane bound transcription factor peptidase, site 1"
ILMN_1767766,0.0493,0.00456,-1.43,,
ILMN_1760708,0.0496,0.0046,-1.18,CRYBB2,crystallin beta B2
ILMN_1787578,0.0496,0.0046,-1.21,CTAG2,cancer/testis antigen 2
