ID,adj.P.Val,P.Value,logFC,Gene.symbol,Gene.title
ILMN_1702309,4.95e-07,4.46e-11,4.71,,
ILMN_1762330,6.98e-07,9.44e-11,1.11,C1D,C1D nuclear receptor corepressor
ILMN_1674128,4.42e-06,2.89e-09,1.02,CWC22,"CWC22 homolog, spliceosome-associated protein"
ILMN_1682245,4.42e-06,3.05e-09,4.55,IFNB1,interferon beta 1
ILMN_1773620,4.42e-06,3.24e-09,1.3,SMARCC2,"SWI/SNF related, matrix associated, actin dependent regulator of chromatin subfamily c member 2"
ILMN_1705392,4.89e-06,4.08e-09,2.66,SMAD1,SMAD family member 1
ILMN_1734742,5.35e-06,5.31e-09,1.17,ARHGDIA,Rho GDP dissociation inhibitor alpha
ILMN_1755519,1.12e-05,1.23e-08,3.15,,
ILMN_1779401,2.84e-05,3.9e-08,1.04,CHP1,calcineurin like EF-hand protein 1
ILMN_1734153,2.84e-05,4.05e-08,1.04,GDI1,GDP dissociation inhibitor 1
ILMN_1740837,3.42e-05,5.7e-08,3.7,CERKL,ceramide kinase like
ILMN_1656033,3.86e-05,6.62e-08,3.3,PCDHA2,protocadherin alpha 2
ILMN_1708167,4.59e-05,9.1e-08,2.26,CDCP1,CUB domain containing protein 1
ILMN_1682081,4.71e-05,9.77e-08,2.71,RNF19B,ring finger protein 19B
ILMN_1792265,5.86e-05,1.43e-07,2.08,TRIM4,tripartite motif containing 4
ILMN_1803559,6.52e-05,1.7e-07,2.95,,
ILMN_1722538,7.95e-05,2.38e-07,2.13,DEFB123,defensin beta 123
ILMN_1764650,8.25e-05,2.6e-07,2.41,,
ILMN_1799151,8.33e-05,2.66e-07,2.39,PPIL4,peptidylprolyl isomerase like 4
ILMN_1785930,9.15e-05,3.01e-07,1.88,OR11A1,olfactory receptor family 11 subfamily A member 1
ILMN_1696190,0.000138,5.04e-07,1.15,STRN4,striatin 4
ILMN_1769144,0.000158,6.13e-07,2.1,YIPF7,Yip1 domain family member 7
ILMN_1723418,0.000158,6.25e-07,2.34,CEL,carboxyl ester lipase
ILMN_1795426,0.000159,6.39e-07,1.07,STXBP2,syntaxin binding protein 2
ILMN_1746148,0.00016,6.75e-07,1.16,NRROS,negative regulator of reactive oxygen species
ILMN_1724265,0.00016,6.77e-07,2.52,,
ILMN_1761247,0.00016,6.78e-07,3.0,PIR,pirin
ILMN_1665210,0.000163,7.03e-07,3.16,,
ILMN_1693650,0.00017,7.51e-07,1.05,FES,"FES proto-oncogene, tyrosine kinase"
ILMN_1663356,0.0002,1.01e-06,1.52,RPH3A,rabphilin 3A
ILMN_1721440,0.000212,1.09e-06,2.46,SP8,Sp8 transcription factor
ILMN_1684000,0.000221,1.19e-06,2.4,EDA,ectodysplasin A
ILMN_1724253,0.000237,1.28e-06,1.07,NHLH1,nescient helix-loop-helix 1
ILMN_1667019,0.000243,1.35e-06,2.99,DRC3,dynein regulatory complex subunit 3
ILMN_1786843,0.000243,1.35e-06,1.06,KCTD13,potassium channel tetramerization domain containing 13
ILMN_1664928,0.000244,1.38e-06,2.8,ZNF599,zinc finger protein 599
ILMN_1765493,0.000254,1.46e-06,1.03,SHKBP1,SH3KBP1 binding protein 1
ILMN_1753933,0.000258,1.5e-06,2.72,FAM150A,family with sequence similarity 150 member A
ILMN_1760890,0.000304,1.93e-06,1.22,SEPN1,"selenoprotein N, 1"
ILMN_1808811,0.000306,1.97e-06,1.37,SBNO2,strawberry notch homolog 2
ILMN_1656724,0.000316,2.05e-06,2.26,OR14A16,olfactory receptor family 14 subfamily A member 16
ILMN_1712595,0.000328,2.16e-06,1.34,HNF4G,hepatocyte nuclear factor 4 gamma
ILMN_1672821,0.000347,2.32e-06,3.07,YAP1,Yes associated protein 1
ILMN_1811574,0.000355,2.4e-06,1.05,MAPK8IP3,mitogen-activated protein kinase 8 interacting protein 3
ILMN_1808361,0.00036,2.48e-06,2.74,SLC22A3,solute carrier family 22 member 3
ILMN_1802360,0.00036,2.48e-06,2.93,KRTAP5-2,keratin associated protein 5-2
ILMN_1770467,0.000361,2.51e-06,3.32,GAGE7,G antigen 7
ILMN_1794386,0.000373,2.66e-06,1.39,IL2RG,interleukin 2 receptor subunit gamma
ILMN_1785402,0.000378,2.72e-06,2.1,LTBP1,latent transforming growth factor beta binding protein 1
ILMN_1811363,0.000399,2.91e-06,2.46,NOVA1,NOVA alternative splicing regulator 1
ILMN_1790160,0.000473,3.6e-06,2.88,KIT,KIT proto-oncogene receptor tyrosine kinase
ILMN_1787923,0.000483,3.72e-06,1.3,PNPLA2,patatin like phospholipase domain containing 2
ILMN_1675646,0.000489,3.81e-06,2.39,FN1,fibronectin 1
ILMN_1791951,0.000495,3.88e-06,2.19,KRTAP13-1,keratin associated protein 13-1
ILMN_1779558,0.000504,3.99e-06,1.21,GAS6,growth arrest specific 6
ILMN_1772957,0.000508,4.05e-06,1.85,FOXRED2,FAD dependent oxidoreductase domain containing 2
ILMN_1766159,0.000557,4.57e-06,1.04,MIER2,MIER family member 2
ILMN_1675866,0.000564,4.66e-06,1.13,ARRB2,arrestin beta 2
ILMN_1659352,0.00062,5.25e-06,1.62,KCNK13,potassium two pore domain channel subfamily K member 13
ILMN_1663037,0.000641,5.48e-06,2.23,LRRC4C,leucine rich repeat containing 4C
ILMN_1705579,0.000651,5.64e-06,2.33,MPP4,membrane palmitoylated protein 4
ILMN_1799024,0.000666,6.04e-06,1.03,VAC14,"Vac14, PIKFYVE complex component"
ILMN_1691499,0.000833,8.04e-06,1.29,TJP1,tight junction protein 1
ILMN_1717252,0.00096,1.02e-05,2.57,FBXL21,F-box and leucine rich repeat protein 21 (gene/pseudogene)
ILMN_1807554,0.000999,1.08e-05,2.24,EYA1,EYA transcriptional coactivator and phosphatase 1
ILMN_1797503,0.00106,1.17e-05,1.85,,
ILMN_1721170,0.00107,1.19e-05,2.24,GREB1,growth regulation by estrogen in breast cancer 1
ILMN_1784665,0.00107,1.2e-05,1.02,,
ILMN_1735996,0.00107,1.2e-05,2.95,NOX4,NADPH oxidase 4
ILMN_1793263,0.00109,1.25e-05,1.38,C1orf94,chromosome 1 open reading frame 94
ILMN_1744441,0.00119,1.4e-05,2.62,CREB5,cAMP responsive element binding protein 5
ILMN_1681438,0.0012,1.41e-05,1.31,SMARCD1,"SWI/SNF related, matrix associated, actin dependent regulator of chromatin, subfamily d, member 1"
ILMN_1653704,0.00123,1.47e-05,1.87,IL9,interleukin 9
ILMN_1694839,0.00123,1.48e-05,1.99,DSPP,dentin sialophosphoprotein
ILMN_1737709,0.00123,1.48e-05,2.13,RPL10L,ribosomal protein L10 like
ILMN_1754517,0.00125,1.51e-05,2.62,,
ILMN_1669781,0.00126,1.55e-05,2.04,PRLR,prolactin receptor
ILMN_1706682,0.00127,1.56e-05,1.1,SCRT2,scratch family transcriptional repressor 2
ILMN_1656670,0.00131,1.66e-05,1.08,HLA-G,"major histocompatibility complex, class I, G"
ILMN_1696463,0.00131,1.66e-05,1.09,SPI1,Spi-1 proto-oncogene
ILMN_1746699,0.00131,1.66e-05,1.3,SGO2,shugoshin 2
ILMN_1771012,0.00132,1.72e-05,2.79,,
ILMN_1792057,0.00144,1.92e-05,1.69,LRP2BP,LRP2 binding protein
ILMN_1800874,0.00145,1.94e-05,2.28,MRO,maestro
ILMN_1807464,0.00152,2.08e-05,2.09,LOC400867,uncharacterized LOC400867
ILMN_1705743,0.00156,2.16e-05,1.31,ARHGEF40,Rho guanine nucleotide exchange factor 40
ILMN_1770400,0.00161,2.25e-05,1.66,,
ILMN_1717982,0.00171,2.46e-05,1.52,BZW1,basic leucine zipper and W2 domains 1
ILMN_1736670,0.00188,2.82e-05,2.71,PPP1R3C,protein phosphatase 1 regulatory subunit 3C
ILMN_1756367,0.00191,2.86e-05,2.29,WNK3,WNK lysine deficient protein kinase 3
ILMN_1783185,0.00191,2.87e-05,2.13,SOX21,SRY-box 21
ILMN_1781307,0.002,3.04e-05,1.58,HEY2,hes related family bHLH transcription factor with YRPW motif 2
ILMN_1716400,0.00209,3.21e-05,1.04,FOXM1,forkhead box M1
ILMN_1728870,0.00209,3.22e-05,1.01,DDX3X,"DEAD-box helicase 3, X-linked"
ILMN_1759590,0.00209,3.23e-05,2.07,WNK3,WNK lysine deficient protein kinase 3
ILMN_1759758,0.00209,3.24e-05,1.85,,
ILMN_1732921,0.00209,3.26e-05,2.21,ITGB8,integrin subunit beta 8
ILMN_1776994,0.00211,3.32e-05,2.05,,
ILMN_1672797,0.00211,3.33e-05,1.9,BCL6B,B-cell CLL/lymphoma 6B
ILMN_1715463,0.00231,3.72e-05,2.01,SOSTDC1,sclerostin domain containing 1
ILMN_1757255,0.00231,3.77e-05,1.79,CDKN2A,cyclin dependent kinase inhibitor 2A
ILMN_1769615,0.00231,3.78e-05,1.6,FLRT2,fibronectin leucine rich transmembrane protein 2
ILMN_1668432,0.00231,3.8e-05,2.8,IMPACT,impact RWD domain protein
ILMN_1699243,0.00245,4.16e-05,2.51,MSMB,microseminoprotein beta
ILMN_1759087,0.00247,4.21e-05,2.28,OR10V1,olfactory receptor family 10 subfamily V member 1
ILMN_1713602,0.00254,4.34e-05,1.99,OR14J1,olfactory receptor family 14 subfamily J member 1
ILMN_1773666,0.00259,4.46e-05,2.15,KCNIP4,potassium voltage-gated channel interacting protein 4
ILMN_1809491,0.00261,4.51e-05,2.32,CCDC144NL,"coiled-coil domain containing 144 family, N-terminal like"
ILMN_1675331,0.00261,4.53e-05,1.85,PEG3,paternally expressed 3
ILMN_1794240,0.00273,4.8e-05,1.27,,
ILMN_1783383,0.00295,5.41e-05,2.37,DCDC1,doublecortin domain containing 1
ILMN_1688565,0.00317,5.91e-05,1.18,ZNF580,zinc finger protein 580
ILMN_1702363,0.00323,6.12e-05,2.61,SULF1,sulfatase 1
ILMN_1677061,0.00337,6.46e-05,2.5,TPTE,transmembrane phosphatase with tensin homology
ILMN_1668345,0.00362,7.02e-05,1.27,OAF,out at first homolog
ILMN_1730085,0.00362,7.05e-05,1.74,LCORL,ligand dependent nuclear receptor corepressor like
ILMN_1700771,0.00364,7.13e-05,2.17,,
ILMN_1745820,0.00367,7.24e-05,2.24,RASSF6,Ras association domain family member 6
ILMN_1664138,0.00369,7.3e-05,2.46,LIMCH1,LIM and calponin homology domains 1
ILMN_1706845,0.00381,7.61e-05,1.91,OPHN1,oligophrenin 1
ILMN_1692477,0.00381,7.62e-05,1.67,MGAT5B,"mannosyl (alpha-1,6-)-glycoprotein beta-1,6-N-acetyl-glucosaminyltransferase, isozyme B"
ILMN_1740035,0.00381,7.68e-05,2.22,POU4F2,POU class 4 homeobox 2
ILMN_1758323,0.00381,7.68e-05,1.19,ACPP,"acid phosphatase, prostate"
ILMN_1790508,0.00384,7.8e-05,2.41,KCNA5,potassium voltage-gated channel subfamily A member 5
ILMN_1804033,0.00386,7.89e-05,2.01,TRIP10,thyroid hormone receptor interactor 10
ILMN_1673708,0.0039,8.01e-05,2.03,HDAC9,histone deacetylase 9
ILMN_1710544,0.00396,8.15e-05,2.0,PCDH7,protocadherin 7
ILMN_1733861,0.00396,8.18e-05,1.02,ARHGEF11,Rho guanine nucleotide exchange factor 11
ILMN_1655985,0.00397,8.25e-05,1.87,,
ILMN_1779195,0.00421,8.87e-05,2.52,MBD3L3,methyl-CpG binding domain protein 3 like 3
ILMN_1784294,0.00433,9.34e-05,1.95,CPA4,carboxypeptidase A4
ILMN_1691413,0.00439,9.56e-05,1.59,NNAT,neuronatin
ILMN_1687284,0.00449,9.83e-05,1.1,USP12,ubiquitin specific peptidase 12
ILMN_1744567,0.00469,0.000104,1.41,GAS2L3,growth arrest specific 2 like 3
ILMN_1791531,0.00471,0.000105,1.77,FA2H,fatty acid 2-hydroxylase
ILMN_1705107,0.00479,0.000107,1.91,SDCBP2,syndecan binding protein 2
ILMN_1812256,0.00482,0.000109,1.47,GANC,"glucosidase alpha, neutral C"
ILMN_1666723,0.00488,0.00011,1.12,NOX1,NADPH oxidase 1
ILMN_1670805,0.00506,0.000117,1.83,PRR20A,proline rich 20A
ILMN_1764158,0.00506,0.000117,1.17,NLGN2,neuroligin 2
ILMN_1701975,0.00506,0.000117,2.07,SLC9A4,solute carrier family 9 member A4
ILMN_1770424,0.00519,0.000124,1.76,DEFA5,defensin alpha 5
ILMN_1663122,0.00533,0.000129,1.36,PKM,"pyruvate kinase, muscle"
ILMN_1719237,0.00544,0.000133,1.21,,
ILMN_1684754,0.00547,0.000134,2.15,CNTLN,centlein
ILMN_1774383,0.00547,0.000135,1.37,ADAM30,ADAM metallopeptidase domain 30
ILMN_1722200,0.00555,0.000139,1.75,PRPF40B,pre-mRNA processing factor 40 homolog B
ILMN_1682583,0.00571,0.000144,1.44,GRIK1,glutamate ionotropic receptor kainate type subunit 1
ILMN_1738333,0.00575,0.000146,1.07,CCDC50,coiled-coil domain containing 50
ILMN_1749553,0.00575,0.000146,1.73,ENTPD2,ectonucleoside triphosphate diphosphohydrolase 2
ILMN_1808114,0.00585,0.000151,1.71,LYVE1,lymphatic vessel endothelial hyaluronan receptor 1
ILMN_1774874,0.00586,0.000152,1.36,IL1RN,interleukin 1 receptor antagonist
ILMN_1663156,0.00588,0.000153,2.18,DDX31,DEAD-box helicase 31
ILMN_1682616,0.00598,0.000157,1.87,IQUB,IQ motif and ubiquitin domain containing
ILMN_1736154,0.00598,0.000157,1.69,,
ILMN_1732323,0.00643,0.000172,1.72,PADI1,peptidyl arginine deiminase 1
ILMN_1758692,0.00647,0.000174,1.49,CTNNA3,catenin alpha 3
ILMN_1811954,0.00653,0.000176,1.79,NRG1,neuregulin 1
ILMN_1714991,0.00654,0.000176,1.17,S100A9,S100 calcium binding protein A9
ILMN_1783908,0.00671,0.000182,1.82,B3GNT9,"UDP-GlcNAc:betaGal beta-1,3-N-acetylglucosaminyltransferase 9"
ILMN_1788166,0.00673,0.000183,1.29,TTK,TTK protein kinase
ILMN_1768506,0.00679,0.000185,1.71,MAPK15,mitogen-activated protein kinase 15
ILMN_1731432,0.00688,0.000189,1.95,P2RX3,purinergic receptor P2X 3
ILMN_1695414,0.00695,0.000192,1.29,ASF1B,anti-silencing function 1B histone chaperone
ILMN_1699996,0.00713,0.0002,1.86,ITLN1,intelectin 1
ILMN_1668960,0.00724,0.000204,1.06,MID1IP1,MID1 interacting protein 1
ILMN_1665657,0.00746,0.000212,1.75,LCA5L,"LCA5L, lebercilin like"
ILMN_1696924,0.00747,0.000212,2.09,OR4K1,olfactory receptor family 4 subfamily K member 1
ILMN_1806691,0.00747,0.000213,1.43,GHSR,growth hormone secretagogue receptor
ILMN_1717710,0.00751,0.000215,1.85,SLC26A5,solute carrier family 26 member 5
ILMN_1753502,0.00759,0.000218,1.71,IGSF11,immunoglobulin superfamily member 11
ILMN_1767037,0.0076,0.000218,2.25,PF4,platelet factor 4
ILMN_1684614,0.00761,0.000219,1.67,TNXB,tenascin XB
ILMN_1711427,0.00776,0.000227,1.72,VN1R2,vomeronasal 1 receptor 2
ILMN_1776115,0.00776,0.000228,1.2,GSDMA,gasdermin A
ILMN_1688504,0.0078,0.00023,1.15,OR1L8,olfactory receptor family 1 subfamily L member 8
ILMN_1795055,0.00786,0.000233,1.58,LRRC3,leucine rich repeat containing 3
ILMN_1679690,0.00786,0.000233,2.02,IMPG2,interphotoreceptor matrix proteoglycan 2
ILMN_1798045,0.00786,0.000234,1.87,ADAM32,ADAM metallopeptidase domain 32
ILMN_1757437,0.00819,0.000248,1.97,UMPS,uridine monophosphate synthetase
ILMN_1682139,0.00825,0.000252,1.02,RAI14,retinoic acid induced 14
ILMN_1748697,0.00835,0.000256,1.93,LIN28B,lin-28 homolog B
ILMN_1762021,0.0084,0.000259,2.34,TRIM48,tripartite motif containing 48
ILMN_1662944,0.00855,0.000264,1.81,PON1,paraoxonase 1
ILMN_1724254,0.00858,0.000266,1.75,INSL6,insulin like 6
ILMN_1783610,0.00863,0.000269,1.64,HELLS,"helicase, lymphoid-specific"
ILMN_1757114,0.00864,0.000271,1.6,C22orf31,chromosome 22 open reading frame 31
ILMN_1736605,0.00864,0.000271,1.05,PLBD1,phospholipase B domain containing 1
ILMN_1753648,0.00871,0.000275,1.33,TRIM51,tripartite motif-containing 51
ILMN_1668033,0.00876,0.000277,1.79,UBE2V1,ubiquitin conjugating enzyme E2 V1
ILMN_1676563,0.00877,0.000277,2.42,HTRA1,HtrA serine peptidase 1
ILMN_1725831,0.00908,0.000291,2.26,,
ILMN_1806676,0.00924,0.000299,1.77,ABCB8,ATP binding cassette subfamily B member 8
ILMN_1813800,0.00942,0.000308,1.55,NUFIP1,"NUFIP1, FMR1 interacting protein 1"
ILMN_1724832,0.00946,0.00031,1.77,OVOL2,ovo like zinc finger 2
ILMN_1661051,0.00948,0.000312,1.45,WBP11,WW domain binding protein 11
ILMN_1733191,0.00985,0.000328,1.65,CCDC26,CCDC26 long non-coding RNA
ILMN_1798790,0.00989,0.000331,1.67,IL17RC,interleukin 17 receptor C
ILMN_1681325,0.01,0.000338,1.62,,
ILMN_1702824,0.01,0.000343,1.16,OR52W1,olfactory receptor family 52 subfamily W member 1
ILMN_1767230,0.0102,0.000349,1.54,AXDND1,axonemal dynein light chain domain containing 1
ILMN_1786377,0.0103,0.000356,1.8,NIPBL,"NIPBL, cohesin loading factor"
ILMN_1707908,0.0104,0.00036,1.78,SPATA8,spermatogenesis associated 8
ILMN_1696852,0.0105,0.000364,1.4,,
ILMN_1785345,0.0105,0.000365,2.12,GPR84,G protein-coupled receptor 84
ILMN_1697015,0.0106,0.000377,1.97,KL,klotho
ILMN_1811767,0.0107,0.000379,1.71,INHBE,inhibin beta E subunit
ILMN_1796901,0.0108,0.000384,2.23,CTNNA2,catenin alpha 2
ILMN_1726023,0.0108,0.000384,2.06,SHCBP1L,SHC binding and spindle associated 1 like
ILMN_1665550,0.0111,0.0004,2.31,ZNF528,zinc finger protein 528
ILMN_1760935,0.0114,0.000413,1.64,FAM9B,family with sequence similarity 9 member B
ILMN_1773546,0.0116,0.000422,1.71,MRGPRX3,MAS related GPR family member X3
ILMN_1687919,0.0116,0.000423,1.59,MAGEE2,MAGE family member E2
ILMN_1749575,0.0117,0.000427,1.76,CYP7A1,cytochrome P450 family 7 subfamily A member 1
ILMN_1679176,0.0119,0.000439,1.95,CLCA4,chloride channel accessory 4
ILMN_1750153,0.012,0.000447,1.43,OR52A1,olfactory receptor family 52 subfamily A member 1
ILMN_1796655,0.0121,0.000454,2.08,SPO11,"SPO11, initiator of meiotic double stranded breaks"
ILMN_1779475,0.0122,0.000459,2.25,DAZ2,deleted in azoospermia 2
ILMN_1724873,0.0123,0.000463,1.9,OR10T2,olfactory receptor family 10 subfamily T member 2
ILMN_1732158,0.0123,0.000465,1.18,FMO2,flavin containing monooxygenase 2
ILMN_1667885,0.0124,0.000471,1.7,BCL11B,B-cell CLL/lymphoma 11B
ILMN_1746788,0.0125,0.000479,2.27,TRIM10,tripartite motif containing 10
ILMN_1774824,0.0125,0.000481,1.7,SULT4A1,sulfotransferase family 4A member 1
ILMN_1799999,0.0127,0.000491,1.01,,
ILMN_1690545,0.0127,0.000491,2.43,TAF11,TATA-box binding protein associated factor 11
ILMN_1750901,0.0127,0.000493,1.41,GNAT1,G protein subunit alpha transducin 1
ILMN_1748881,0.0131,0.000512,1.93,MRAS,muscle RAS oncogene homolog
ILMN_1791202,0.0131,0.000513,1.76,SMOC1,SPARC related modular calcium binding 1
ILMN_1785902,0.0131,0.000517,2.01,C1QC,complement C1q C chain
ILMN_1680569,0.0132,0.000519,1.11,SSX5,SSX family member 5
ILMN_1811468,0.0133,0.000528,1.82,IRX3,iroquois homeobox 3
ILMN_1671929,0.0133,0.000529,1.49,GPR52,G protein-coupled receptor 52
ILMN_1792777,0.0133,0.000529,1.07,,
ILMN_1793716,0.0134,0.000534,1.47,KRTAP10-8,keratin associated protein 10-8
ILMN_1691876,0.0136,0.000546,2.04,FAM19A2,"family with sequence similarity 19 member A2, C-C motif chemokine like"
ILMN_1738922,0.0137,0.00055,1.67,HSPB7,heat shock protein family B (small) member 7
ILMN_1748915,0.0139,0.000562,1.25,S100A12,S100 calcium binding protein A12
ILMN_1767685,0.0139,0.000563,2.03,SERPINB7,serpin family B member 7
ILMN_1708249,0.0139,0.000564,1.56,NR1D1,nuclear receptor subfamily 1 group D member 1
ILMN_1653355,0.0139,0.000567,1.81,POTEG,POTE ankyrin domain family member G
ILMN_1798624,0.014,0.000576,1.83,,
ILMN_1690796,0.0143,0.00059,1.63,,
ILMN_1740308,0.0144,0.000596,1.23,UNC80,"unc-80 homolog, NALCN activator"
ILMN_1722426,0.0144,0.000599,1.97,OR7D2,olfactory receptor family 7 subfamily D member 2
ILMN_1752075,0.0145,0.000603,1.66,MYBPC1,"myosin binding protein C, slow type"
ILMN_1774705,0.0146,0.000606,1.51,TCEB3B,transcription elongation factor B subunit 3B
ILMN_1728785,0.0146,0.000607,1.51,ADGRF5,adhesion G protein-coupled receptor F5
ILMN_1806749,0.0146,0.000611,1.58,SPACA4,sperm acrosome associated 4
ILMN_1769559,0.0146,0.000615,1.55,GLIPR1L2,GLI pathogenesis-related 1 like 2
ILMN_1770484,0.015,0.000632,1.46,FBXW7,F-box and WD repeat domain containing 7
ILMN_1789744,0.0152,0.000648,1.65,,
ILMN_1668236,0.0153,0.000656,1.54,KCNB2,potassium voltage-gated channel subfamily B member 2
ILMN_1662151,0.0155,0.000668,1.5,CDY1,chromodomain Y-linked 1
ILMN_1772074,0.0156,0.000674,1.76,DNAAF3,dynein axonemal assembly factor 3
ILMN_1717935,0.0157,0.000679,1.33,SPTA1,"spectrin alpha, erythrocytic 1"
ILMN_1668507,0.0157,0.000679,1.59,DDAH1,dimethylarginine dimethylaminohydrolase 1
ILMN_1792947,0.0161,0.000702,1.8,ESCO2,establishment of sister chromatid cohesion N-acetyltransferase 2
ILMN_1799889,0.0165,0.000726,1.46,ATP6V0D2,ATPase H+ transporting V0 subunit d2
ILMN_1805995,0.0166,0.000737,1.83,STPG2,sperm tail PG-rich repeat containing 2
ILMN_1726986,0.0167,0.000741,1.78,AADAT,aminoadipate aminotransferase
ILMN_1812536,0.0167,0.000745,1.41,INHBC,inhibin beta C subunit
ILMN_1708530,0.0168,0.000749,1.58,SLC24A4,solute carrier family 24 member 4
ILMN_1685077,0.0169,0.00076,1.81,SNX7,sorting nexin 7
ILMN_1747105,0.017,0.000769,1.91,CAPS2,calcyphosine 2
ILMN_1751016,0.0171,0.000771,1.83,LONRF2,LON peptidase N-terminal domain and ring finger 2
ILMN_1680874,0.0171,0.000775,2.2,TUBB2B,tubulin beta 2B class IIb
ILMN_1734306,0.0172,0.000781,1.77,OR52E4,olfactory receptor family 52 subfamily E member 4
ILMN_1685974,0.0173,0.000787,1.04,SLC25A33,solute carrier family 25 member 33
ILMN_1671766,0.0177,0.000812,1.68,F12,coagulation factor XII
ILMN_1745138,0.0179,0.000827,1.51,GNB3,G protein subunit beta 3
ILMN_1681651,0.018,0.000834,1.9,FOLH1,folate hydrolase (prostate-specific membrane antigen) 1
ILMN_1698885,0.0181,0.000839,1.3,PTPRT,"protein tyrosine phosphatase, receptor type T"
ILMN_1657002,0.0181,0.000842,1.61,OR51B5,olfactory receptor family 51 subfamily B member 5
ILMN_1767831,0.0184,0.000862,1.8,C9,complement component 9
ILMN_1784493,0.0184,0.000864,1.7,LOC401286,uncharacterized LOC401286
ILMN_1706225,0.0188,0.000886,1.52,N4BP1,NEDD4 binding protein 1
ILMN_1810633,0.0189,0.000896,2.0,MMP26,matrix metallopeptidase 26
ILMN_1767827,0.0191,0.000907,1.86,GRK7,G protein-coupled receptor kinase 7
ILMN_1671686,0.0191,0.000907,1.36,DMTN,dematin actin binding protein
ILMN_1698756,0.0192,0.000911,1.41,,
ILMN_1699565,0.0195,0.00093,1.51,,
ILMN_1735877,0.0195,0.000931,1.52,EFEMP1,EGF containing fibulin like extracellular matrix protein 1
ILMN_1708103,0.0197,0.000945,1.21,GAN,gigaxonin
ILMN_1701952,0.0199,0.00096,1.39,PICK1,protein interacting with PRKCA 1
ILMN_1713758,0.0199,0.000963,1.52,OPRL1,opioid related nociceptin receptor 1
ILMN_1669032,0.0203,0.000987,1.94,PPIC,peptidylprolyl isomerase C
ILMN_1807423,0.0203,0.000991,1.11,IGF2BP3,insulin like growth factor 2 mRNA binding protein 3
ILMN_1703886,0.0207,0.00103,1.79,SLC16A2,solute carrier family 16 member 2
ILMN_1740292,0.0208,0.00103,1.39,PANK1,pantothenate kinase 1
ILMN_1706088,0.0208,0.00104,1.4,HSF2BP,heat shock transcription factor 2 binding protein
ILMN_1739794,0.0208,0.00105,1.06,CD3E,CD3e molecule
ILMN_1751444,0.0209,0.00105,1.01,NCAPG,non-SMC condensin I complex subunit G
ILMN_1711748,0.021,0.00106,1.04,PLTP,phospholipid transfer protein
ILMN_1748383,0.0211,0.00107,1.2,OSR1,odd-skipped related transciption factor 1
ILMN_1791275,0.0211,0.00107,1.25,KCNA10,potassium voltage-gated channel subfamily A member 10
ILMN_1791925,0.0212,0.00108,1.09,NFAM1,NFAT activating protein with ITAM motif 1
ILMN_1750295,0.0213,0.00108,1.66,ASIC5,acid sensing ion channel subunit family member 5
ILMN_1694774,0.0213,0.00109,1.61,OR52J3,olfactory receptor family 52 subfamily J member 3
ILMN_1758537,0.0215,0.00111,1.37,CCER1,coiled-coil glutamate rich protein 1
ILMN_1718001,0.0217,0.00112,1.06,PHKB,phosphorylase kinase regulatory subunit beta
ILMN_1672591,0.0218,0.00113,1.61,SCN9A,sodium voltage-gated channel alpha subunit 9
ILMN_1730818,0.0218,0.00113,1.03,,
ILMN_1659202,0.0219,0.00114,1.77,B3GALT1,"beta-1,3-galactosyltransferase 1"
ILMN_1678618,0.0221,0.00116,1.49,ELAVL3,ELAV like neuron-specific RNA binding protein 3
ILMN_1687260,0.0221,0.00116,1.71,C1QTNF3,C1q and tumor necrosis factor related protein 3
ILMN_1661958,0.0222,0.00117,3.02,MANBAL,mannosidase beta like
ILMN_1729117,0.0223,0.00118,2.21,COL5A2,collagen type V alpha 2 chain
ILMN_1682459,0.0224,0.00119,1.94,TUBB4A,tubulin beta 4A class IVa
ILMN_1758039,0.0226,0.00121,1.55,KRTAP13-2,keratin associated protein 13-2
ILMN_1714489,0.0226,0.00121,1.6,CIB2,calcium and integrin binding family member 2
ILMN_1750910,0.023,0.00125,1.96,PNKD,paroxysmal nonkinesigenic dyskinesia
ILMN_1784110,0.0234,0.00128,1.52,CDK18,cyclin dependent kinase 18
ILMN_1769988,0.0234,0.00128,1.86,IFNA10,interferon alpha 10
ILMN_1788664,0.0234,0.00128,2.34,KCNH7,potassium voltage-gated channel subfamily H member 7
ILMN_1662914,0.0234,0.00129,1.47,CTAGE5,"CTAGE family member 5, ER export factor"
ILMN_1662302,0.0234,0.00129,1.75,IFNL2,interferon lambda 2
ILMN_1714592,0.0234,0.00129,1.01,CDA,cytidine deaminase
ILMN_1675453,0.0235,0.0013,1.43,HHIP,hedgehog interacting protein
ILMN_1798327,0.0235,0.0013,1.28,PAQR9,progestin and adipoQ receptor family member 9
ILMN_1811014,0.0236,0.00131,1.64,PGR,progesterone receptor
ILMN_1726230,0.0236,0.00131,1.8,CD1B,CD1b molecule
ILMN_1669995,0.0236,0.00131,1.81,OR11H1,olfactory receptor family 11 subfamily H member 1
ILMN_1685176,0.0237,0.00132,1.54,SGMS2,sphingomyelin synthase 2
ILMN_1663710,0.0238,0.00133,1.5,PLA2G6,phospholipase A2 group VI
ILMN_1793040,0.0241,0.00136,1.45,ADAMTSL5,ADAMTS like 5
ILMN_1693107,0.0242,0.00136,1.09,MLH3,mutL homolog 3
ILMN_1705843,0.0243,0.00138,1.97,CCDC122,coiled-coil domain containing 122
ILMN_1680932,0.0243,0.00138,1.81,OSBPL9,oxysterol binding protein like 9
ILMN_1757052,0.0243,0.00139,1.14,SLC16A1,solute carrier family 16 member 1
ILMN_1803907,0.0248,0.00143,1.64,HOXC5,homeobox C5
ILMN_1746635,0.0249,0.00144,1.58,,
ILMN_1784094,0.025,0.00146,1.58,PRDM16,PR/SET domain 16
ILMN_1694482,0.025,0.00146,1.58,CELSR1,cadherin EGF LAG seven-pass G-type receptor 1
ILMN_1733658,0.0252,0.00148,1.86,,
ILMN_1652780,0.0256,0.00151,1.26,TMOD2,tropomodulin 2
ILMN_1677505,0.0259,0.00153,1.65,CCL21,C-C motif chemokine ligand 21
ILMN_1786319,0.0261,0.00155,1.35,MME,membrane metallo-endopeptidase
ILMN_1745537,0.0265,0.00159,1.55,GNAT2,G protein subunit alpha transducin 2
ILMN_1797475,0.0266,0.00161,1.39,FAM216B,family with sequence similarity 216 member B
ILMN_1783406,0.0266,0.00161,1.39,SLC6A15,solute carrier family 6 member 15
ILMN_1790530,0.0268,0.00164,1.6,HECTD2,HECT domain E3 ubiquitin protein ligase 2
ILMN_1701482,0.027,0.00165,1.41,POFUT2,protein O-fucosyltransferase 2
ILMN_1676767,0.0276,0.0017,1.17,CLEC4D,C-type lectin domain family 4 member D
ILMN_1679967,0.0277,0.00172,1.47,NMS,neuromedin S
ILMN_1760434,0.0278,0.00173,1.67,,
ILMN_1751276,0.0278,0.00173,1.8,BDNF,brain derived neurotrophic factor
ILMN_1782125,0.0279,0.00175,1.42,DSC2,desmocollin 2
ILMN_1779135,0.028,0.00176,1.8,TREML4,triggering receptor expressed on myeloid cells like 4
ILMN_1743785,0.0283,0.00178,1.53,C7orf62,chromosome 7 open reading frame 62
ILMN_1756408,0.0284,0.00179,1.47,PARVA,parvin alpha
ILMN_1670899,0.0285,0.0018,1.13,FBN2,fibrillin 2
ILMN_1691410,0.0286,0.00181,1.07,BAMBI,BMP and activin membrane bound inhibitor
ILMN_1730201,0.0287,0.00182,1.23,DTNA,dystrobrevin alpha
ILMN_1703913,0.0288,0.00182,1.03,DST,dystonin
ILMN_1773310,0.0289,0.00183,1.58,FUT5,fucosyltransferase 5
ILMN_1766991,0.029,0.00184,1.31,ABRA,actin binding Rho activating protein
ILMN_1800020,0.029,0.00184,1.2,GART,"phosphoribosylglycinamide formyltransferase, phosphoribosylglycinamide synthetase, phosphoribosylaminoimidazole synthetase"
ILMN_1763442,0.0293,0.00187,1.44,SHROOM4,shroom family member 4
ILMN_1770663,0.0295,0.00189,1.41,KRT24,keratin 24
ILMN_1653180,0.03,0.00194,1.02,TPM4,tropomyosin 4
ILMN_1692478,0.0302,0.00196,1.12,GSN,gelsolin
ILMN_1721732,0.0303,0.00196,1.47,GSDMC,gasdermin C
ILMN_1709020,0.0303,0.00197,1.38,MYBL2,MYB proto-oncogene like 2
ILMN_1778374,0.0305,0.00199,1.12,BSG,basigin (Ok blood group)
ILMN_1771066,0.0305,0.002,2.32,PCDHB16,protocadherin beta 16
ILMN_1684850,0.0307,0.00202,2.39,PRKAR2B,protein kinase cAMP-dependent type II regulatory subunit beta
ILMN_1717852,0.0308,0.00203,1.24,USH1G,USH1 protein network component sans
ILMN_1677764,0.0309,0.00204,1.39,,
ILMN_1791726,0.0309,0.00204,1.4,TUBB3,tubulin beta 3 class III
ILMN_1669876,0.0309,0.00204,1.29,CUX2,cut like homeobox 2
ILMN_1727592,0.0309,0.00205,1.57,FRMD5,FERM domain containing 5
ILMN_1755741,0.0309,0.00205,1.44,DACH1,dachshund family transcription factor 1
ILMN_1785010,0.0309,0.00205,1.81,TPTE2,transmembrane phosphoinositide 3-phosphatase and tensin homolog 2
ILMN_1800225,0.031,0.00206,1.12,PPARG,peroxisome proliferator activated receptor gamma
ILMN_1747258,0.0311,0.00207,1.29,FMN2,formin 2
ILMN_1654413,0.0311,0.00207,1.39,,
ILMN_1655741,0.0314,0.00212,1.92,KRTAP21-2,keratin associated protein 21-2
ILMN_1663351,0.0316,0.00213,1.48,SLC2A10,solute carrier family 2 member 10
ILMN_1674975,0.0317,0.00215,1.6,MANEAL,mannosidase endo-alpha like
ILMN_1752669,0.0321,0.00219,1.27,ALPI,"alkaline phosphatase, intestinal"
ILMN_1798210,0.0323,0.00221,1.46,E2F7,E2F transcription factor 7
ILMN_1734695,0.0324,0.00222,1.73,MAP4,microtubule associated protein 4
ILMN_1653073,0.0324,0.00222,1.33,OR10Q1,olfactory receptor family 10 subfamily Q member 1
ILMN_1791547,0.0324,0.00223,1.41,SPAST,spastin
ILMN_1758056,0.0325,0.00224,1.43,SELK,selenoprotein K
ILMN_1721046,0.0326,0.00225,1.17,PTMS,parathymosin
ILMN_1779234,0.0328,0.00229,1.73,CXCL6,C-X-C motif chemokine ligand 6
ILMN_1718805,0.0329,0.00229,1.25,PPP2R3A,protein phosphatase 2 regulatory subunit B''alpha
ILMN_1810533,0.033,0.0023,1.35,SLC6A15,solute carrier family 6 member 15
ILMN_1794659,0.033,0.0023,1.8,FUT2,fucosyltransferase 2
ILMN_1807439,0.033,0.00231,1.4,ALDH1A3,aldehyde dehydrogenase 1 family member A3
ILMN_1797219,0.033,0.00231,1.38,CLCA1,chloride channel accessory 1
ILMN_1738517,0.033,0.00231,1.7,FCRL4,Fc receptor like 4
ILMN_1679277,0.033,0.00231,1.35,CMTM3,CKLF like MARVEL transmembrane domain containing 3
ILMN_1779304,0.0333,0.00234,1.19,CRYGA,crystallin gamma A
ILMN_1691212,0.0333,0.00234,1.36,NCKAP5,NCK associated protein 5
ILMN_1682319,0.0333,0.00235,1.5,STATH,statherin
ILMN_1672326,0.0333,0.00235,1.57,PCDHA2,protocadherin alpha 2
ILMN_1813352,0.0341,0.00243,1.15,CDH7,cadherin 7
ILMN_1716047,0.0343,0.00245,1.18,KRTAP4-2,keratin associated protein 4-2
ILMN_1677624,0.0347,0.00251,1.3,NXPH2,neurexophilin 2
ILMN_1812526,0.0347,0.00252,2.19,TGFB2,transforming growth factor beta 2
ILMN_1811410,0.0353,0.00258,1.61,RHAG,Rh-associated glycoprotein
ILMN_1691962,0.0353,0.00258,1.24,OR2H1,olfactory receptor family 2 subfamily H member 1
ILMN_1812841,0.0356,0.00262,1.39,C8orf34,chromosome 8 open reading frame 34
ILMN_1758378,0.0356,0.00263,1.67,,
ILMN_1745043,0.0356,0.00263,1.51,LDHC,lactate dehydrogenase C
ILMN_1719876,0.036,0.00268,1.55,KIAA1804,mixed lineage kinase 4
ILMN_1761722,0.036,0.00268,1.78,ZNF579,zinc finger protein 579
ILMN_1696814,0.036,0.00269,1.27,SEPSECS,Sep (O-phosphoserine) tRNA:Sec (selenocysteine) tRNA synthase
ILMN_1775569,0.036,0.00269,1.87,CRISP2,cysteine rich secretory protein 2
ILMN_1784879,0.0363,0.00273,1.13,,
ILMN_1760748,0.0364,0.00275,1.49,PBLD,phenazine biosynthesis like protein domain containing
ILMN_1694325,0.0366,0.00277,1.83,NFIX,nuclear factor I X
ILMN_1795936,0.0367,0.00278,1.52,C3orf36,chromosome 3 open reading frame 36
ILMN_1686096,0.0371,0.00282,1.74,SPATA17,spermatogenesis associated 17
ILMN_1782004,0.0372,0.00284,1.38,NKX3-2,NK3 homeobox 2
ILMN_1712849,0.0372,0.00284,1.09,RNASE7,ribonuclease A family member 7
ILMN_1757008,0.0374,0.00288,1.53,HMX2,H6 family homeobox 2
ILMN_1784783,0.0378,0.00292,1.47,NME5,NME/NM23 family member 5
ILMN_1683844,0.0381,0.00295,1.42,HSD17B13,hydroxysteroid 17-beta dehydrogenase 13
ILMN_1803454,0.0381,0.00295,1.25,PCGF3,polycomb group ring finger 3
ILMN_1738058,0.0381,0.00296,1.4,CPNE6,copine 6
ILMN_1745827,0.0382,0.00297,1.39,TBX4,T-box 4
ILMN_1726376,0.0382,0.00298,1.24,PAK5,p21 (RAC1) activated kinase 5
ILMN_1701011,0.0389,0.00306,1.36,ABCA6,ATP binding cassette subfamily A member 6
ILMN_1769219,0.039,0.00307,1.06,TPSG1,tryptase gamma 1
ILMN_1679290,0.039,0.00307,1.47,LTK,leukocyte receptor tyrosine kinase
ILMN_1743465,0.0391,0.00309,1.34,TSPAN16,tetraspanin 16
ILMN_1710116,0.0391,0.00309,1.38,,
ILMN_1670462,0.0393,0.00313,1.02,HUS1,HUS1 checkpoint clamp component
ILMN_1714067,0.0393,0.00313,1.48,NTRK2,neurotrophic receptor tyrosine kinase 2
ILMN_1714709,0.0394,0.00315,1.05,OLFM1,olfactomedin 1
ILMN_1731240,0.0394,0.00316,1.55,FGF7,fibroblast growth factor 7
ILMN_1666357,0.0394,0.00317,1.56,ZPBP2,zona pellucida binding protein 2
ILMN_1686884,0.0398,0.00321,1.01,IL1RAP,interleukin 1 receptor accessory protein
ILMN_1765518,0.0403,0.00327,1.49,RNASEH2C,ribonuclease H2 subunit C
ILMN_1707311,0.0404,0.0033,1.34,CCDC54,coiled-coil domain containing 54
ILMN_1694100,0.0404,0.00331,1.48,PRIM2,primase (DNA) subunit 2
ILMN_1766650,0.0407,0.00335,1.12,FOXA1,forkhead box A1
ILMN_1812896,0.0408,0.00336,1.27,ATP6V0A4,ATPase H+ transporting V0 subunit a4
ILMN_1767680,0.0408,0.00336,1.34,CARM1,coactivator associated arginine methyltransferase 1
ILMN_1746676,0.0408,0.00337,1.31,CLDN8,claudin 8
ILMN_1666140,0.0409,0.00338,1.39,PRY2,"PTPN13-like, Y-linked 2"
ILMN_1686889,0.0409,0.00338,1.47,FAM229B,family with sequence similarity 229 member B
ILMN_1696590,0.0411,0.00341,1.33,CHST4,carbohydrate sulfotransferase 4
ILMN_1804922,0.0413,0.00343,1.46,IGF2,insulin like growth factor 2
ILMN_1814165,0.0415,0.00345,1.1,SSBP3,single stranded DNA binding protein 3
ILMN_1697081,0.0423,0.00355,1.39,GAL3ST3,galactose-3-O-sulfotransferase 3
ILMN_1677009,0.0424,0.00357,1.3,SYNE2,spectrin repeat containing nuclear envelope protein 2
ILMN_1775016,0.0424,0.00357,1.2,MPZL2,myelin protein zero like 2
ILMN_1679921,0.0424,0.00357,1.61,CT45A3,"cancer/testis antigen family 45, member A3"
ILMN_1667630,0.0427,0.00362,1.29,TFPI2,tissue factor pathway inhibitor 2
ILMN_1693191,0.0429,0.00367,1.48,LUZP2,leucine zipper protein 2
ILMN_1739310,0.043,0.00369,1.16,SLC44A3,solute carrier family 44 member 3
ILMN_1758461,0.0441,0.00384,1.33,ST8SIA2,"ST8 alpha-N-acetyl-neuraminide alpha-2,8-sialyltransferase 2"
ILMN_1737754,0.0442,0.00385,1.15,AKAP2,A-kinase anchoring protein 2
ILMN_1738492,0.0444,0.00387,1.44,HAS2,hyaluronan synthase 2
ILMN_1736792,0.0448,0.00393,1.31,PLEC,plectin
ILMN_1677628,0.0448,0.00394,1.15,ZNF268,zinc finger protein 268
ILMN_1740717,0.0449,0.00395,1.19,ADH1C,"alcohol dehydrogenase 1C (class I), gamma polypeptide"
ILMN_1758812,0.0449,0.00395,1.21,LDHAL6A,lactate dehydrogenase A like 6A
ILMN_1752681,0.0449,0.00396,1.43,NPBWR1,neuropeptides B/W receptor 1
ILMN_1715972,0.0451,0.00398,1.4,,
ILMN_1655699,0.0453,0.004,1.36,,
ILMN_1769730,0.0454,0.00401,1.4,,
ILMN_1763200,0.0456,0.00404,1.02,DZIP3,DAZ interacting zinc finger protein 3
ILMN_1781060,0.0456,0.00405,1.44,SYN2,synapsin II
ILMN_1715505,0.0456,0.00405,1.2,,
ILMN_1765244,0.0459,0.00409,1.41,NEUROG3,neurogenin 3
ILMN_1737269,0.0466,0.00417,1.35,PLA2G4F,phospholipase A2 group IVF
ILMN_1698179,0.0466,0.00417,1.72,TAGLN3,transgelin 3
ILMN_1673654,0.0469,0.00422,1.26,,
ILMN_1747279,0.047,0.00423,1.1,ZNF648,zinc finger protein 648
ILMN_1779078,0.0471,0.00424,1.11,OR4D11,olfactory receptor family 4 subfamily D member 11
ILMN_1793476,0.0472,0.00426,1.42,PRKCDBP,protein kinase C delta binding protein
ILMN_1783643,0.0474,0.00428,1.33,OR8K1,olfactory receptor family 8 subfamily K member 1
ILMN_1673358,0.048,0.00435,1.01,ARHGAP6,Rho GTPase activating protein 6
ILMN_1668271,0.0484,0.0044,1.54,GPR37,G protein-coupled receptor 37
ILMN_1670832,0.0485,0.00443,1.27,,
ILMN_1705653,0.049,0.0045,1.17,BCAM,basal cell adhesion molecule (Lutheran blood group)
ILMN_1672350,0.0491,0.00452,1.22,JAM2,junctional adhesion molecule 2
ILMN_1724946,0.0492,0.00455,1.35,SPINT1,"serine peptidase inhibitor, Kunitz type 1"
ILMN_1757259,0.0492,0.00455,1.41,OR8B4,olfactory receptor family 8 subfamily B member 4 (gene/pseudogene)
ILMN_1714600,0.0493,0.00456,1.07,NAV3,neuron navigator 3
ILMN_1776732,0.0496,0.00459,1.33,GPX5,glutathione peroxidase 5
